ISO-10303-21;
HEADER;
FILE_DESCRIPTION(('FreeCAD Model'),'2;1');
FILE_NAME('Open CASCADE Shape Model','2026-09-18T16:26:55',('FreeCAD'),(
    'FreeCAD'),'Open CASCADE STEP processor 7.8','FreeCAD','Unknown');
FILE_SCHEMA(('AUTOMOTIVE_DESIGN { 1 0 10303 214 1 1 1 1 }'));
ENDSEC;
DATA;
#1 = APPLICATION_PROTOCOL_DEFINITION('international standard',
  'automotive_design',2000,#2);
#2 = APPLICATION_CONTEXT(
  'core data for automotive mechanical design processes');
#3 = SHAPE_DEFINITION_REPRESENTATION(#4,#10);
#4 = PRODUCT_DEFINITION_SHAPE('','',#5);
#5 = PRODUCT_DEFINITION('design','',#6,#9);
#6 = PRODUCT_DEFINITION_FORMATION('','',#7);
#7 = PRODUCT('Open CASCADE STEP translator 7.8 1',
  'Open CASCADE STEP translator 7.8 1','',(#8));
#8 = PRODUCT_CONTEXT('',#2,'mechanical');
#9 = PRODUCT_DEFINITION_CONTEXT('part definition',#2,'design');
#10 = SHAPE_REPRESENTATION('',(#11,#15,#312,#428,#578,#728,#878,#1028,
    #1178,#1328,#1478,#1628,#1681,#1734,#1787,#1840,#1893,#1946,#1999,
    #2082,#2616,#2669,#2752,#3286,#3339,#3422,#3956,#4009,#4092,#4626),
  #5160);
#11 = AXIS2_PLACEMENT_3D('',#12,#13,#14);
#12 = CARTESIAN_POINT('',(0.,0.,0.));
#13 = DIRECTION('',(0.,0.,1.));
#14 = DIRECTION('',(1.,0.,-0.));
#15 = MANIFOLD_SOLID_BREP('',#16);
#16 = CLOSED_SHELL('',(#17,#294,#303));
#17 = ADVANCED_FACE('',(#18),#97,.T.);
#18 = FACE_BOUND('',#19,.T.);
#19 = EDGE_LOOP('',(#20,#53,#65,#96));
#20 = ORIENTED_EDGE('',*,*,#21,.T.);
#21 = EDGE_CURVE('',#22,#22,#24,.T.);
#22 = VERTEX_POINT('',#23);
#23 = CARTESIAN_POINT('',(-532.8947368421,0.,-5.921052631579));
#24 = B_SPLINE_CURVE_WITH_KNOTS('',14,(#25,#26,#27,#28,#29,#30,#31,#32,
    #33,#34,#35,#36,#37,#38,#39,#40,#41,#42,#43,#44,#45,#46,#47,#48,#49,
    #50,#51,#52),.UNSPECIFIED.,.T.,.F.,(15,13,15),(0.,0.5,1.),
  .UNSPECIFIED.);
#25 = CARTESIAN_POINT('',(-532.8947368421,-4.634477973919E-15,
    -5.921052631579));
#26 = CARTESIAN_POINT('',(-532.8947368421,1.089518504864,-5.92105263158)
  );
#27 = CARTESIAN_POINT('',(-532.8947368421,2.17903721081,-5.599962294276)
  );
#28 = CARTESIAN_POINT('',(-532.8947368421,3.199624731787,-4.957781414432
    ));
#29 = CARTESIAN_POINT('',(-532.8947368421,4.082353568261,-4.018518419823
    ));
#30 = CARTESIAN_POINT('',(-532.8947368421,4.764474853882,-2.830188042845
    ));
#31 = CARTESIAN_POINT('',(-532.8947368421,5.195614221204,-1.462181972751
    ));
#32 = CARTESIAN_POINT('',(-532.8947368421,5.343101634818,
    5.308068873333E-09));
#33 = CARTESIAN_POINT('',(-532.8947368421,5.19561442019,1.462181940085)
  );
#34 = CARTESIAN_POINT('',(-532.8947368421,4.764474897105,2.830188145273)
  );
#35 = CARTESIAN_POINT('',(-532.8947368421,4.082353092508,4.018518263131)
  );
#36 = CARTESIAN_POINT('',(-532.8947368421,3.199625268457,4.957781527875)
  );
#37 = CARTESIAN_POINT('',(-532.8947368421,2.17903699533,5.599962263155)
  );
#38 = CARTESIAN_POINT('',(-532.8947368421,1.089518497665,5.921052630794)
  );
#39 = CARTESIAN_POINT('',(-532.8947368421,-1.089518497665,5.921052630794
    ));
#40 = CARTESIAN_POINT('',(-532.8947368421,-2.17903699533,5.599962263155)
  );
#41 = CARTESIAN_POINT('',(-532.8947368421,-3.199625268457,4.957781527875
    ));
#42 = CARTESIAN_POINT('',(-532.8947368421,-4.082353092508,4.018518263131
    ));
#43 = CARTESIAN_POINT('',(-532.8947368421,-4.764474897105,2.830188145273
    ));
#44 = CARTESIAN_POINT('',(-532.8947368421,-5.19561442019,1.462181940085)
  );
#45 = CARTESIAN_POINT('',(-532.8947368421,-5.343101634818,
    5.308068873333E-09));
#46 = CARTESIAN_POINT('',(-532.8947368421,-5.195614221204,
    -1.462181972751));
#47 = CARTESIAN_POINT('',(-532.8947368421,-4.764474853882,
    -2.830188042845));
#48 = CARTESIAN_POINT('',(-532.8947368421,-4.082353568261,
    -4.018518419823));
#49 = CARTESIAN_POINT('',(-532.8947368421,-3.199624731787,
    -4.957781414432));
#50 = CARTESIAN_POINT('',(-532.8947368421,-2.179037210812,
    -5.599962294276));
#51 = CARTESIAN_POINT('',(-532.8947368421,-1.089518504863,-5.92105263158
    ));
#52 = CARTESIAN_POINT('',(-532.8947368421,6.355282652901E-15,
    -5.921052631579));
#53 = ORIENTED_EDGE('',*,*,#54,.T.);
#54 = EDGE_CURVE('',#22,#55,#57,.T.);
#55 = VERTEX_POINT('',#56);
#56 = CARTESIAN_POINT('',(900.,0.,-12.));
#57 = ( BOUNDED_CURVE() B_SPLINE_CURVE(4,(#58,#59,#60,#61,#62,#63,#64),
.UNSPECIFIED.,.F.,.F.) B_SPLINE_CURVE_WITH_KNOTS((5,2,5),(0.,
0.377746099083,1.),.UNSPECIFIED.) CURVE() GEOMETRIC_REPRESENTATION_ITEM(
) RATIONAL_B_SPLINE_CURVE((1.,1.,1.,1.,1.,1.,1.)) REPRESENTATION_ITEM(''
  ) );
#58 = CARTESIAN_POINT('',(-532.8947368421,-4.634477973919E-15,
    -5.921052631579));
#59 = CARTESIAN_POINT('',(-420.5977891578,-2.406364067692E-14,
    -93.15346811654));
#60 = CARTESIAN_POINT('',(-271.8747670603,-1.814236058583E-14,
    -97.01260896821));
#61 = CARTESIAN_POINT('',(87.590429117524,1.901870013474E-14,
    -124.2565295748));
#62 = CARTESIAN_POINT('',(449.16937793769,-1.342836597219E-14,
    -12.05469341356));
#63 = CARTESIAN_POINT('',(677.64222912004,5.881617542554E-15,
    -79.17935161793));
#64 = CARTESIAN_POINT('',(900.,1.379371012038E-15,-12.));
#65 = ORIENTED_EDGE('',*,*,#66,.F.);
#66 = EDGE_CURVE('',#55,#55,#67,.T.);
#67 = B_SPLINE_CURVE_WITH_KNOTS('',14,(#68,#69,#70,#71,#72,#73,#74,#75,
    #76,#77,#78,#79,#80,#81,#82,#83,#84,#85,#86,#87,#88,#89,#90,#91,#92,
    #93,#94,#95),.UNSPECIFIED.,.T.,.F.,(15,13,15),(0.,0.5,1.),
  .UNSPECIFIED.);
#68 = CARTESIAN_POINT('',(900.,1.379371012038E-15,-12.));
#69 = CARTESIAN_POINT('',(900.,2.208090836525,-12.));
#70 = CARTESIAN_POINT('',(900.,4.416182080576,-11.34925691639));
#71 = CARTESIAN_POINT('',(900.,6.484572789756,-10.04777033324));
#72 = CARTESIAN_POINT('',(900.,8.273569898342,-8.144197330841));
#73 = CARTESIAN_POINT('',(900.,9.656002370534,-5.735847766832));
#74 = CARTESIAN_POINT('',(900.,10.529778154974,-2.963355464776));
#75 = CARTESIAN_POINT('',(900.,10.828685979899,1.075767697145E-08));
#76 = CARTESIAN_POINT('',(900.,10.529778558252,2.963355398573));
#77 = CARTESIAN_POINT('',(900.,9.656002458132,5.73584797442));
#78 = CARTESIAN_POINT('',(900.,8.27356893415,8.14419701328));
#79 = CARTESIAN_POINT('',(900.,6.484573877407,10.047770563161));
#80 = CARTESIAN_POINT('',(900.,4.41618164387,11.349256853327));
#81 = CARTESIAN_POINT('',(900.,2.208090821935,11.99999999841));
#82 = CARTESIAN_POINT('',(900.,-2.208090821935,11.99999999841));
#83 = CARTESIAN_POINT('',(900.,-4.41618164387,11.349256853327));
#84 = CARTESIAN_POINT('',(900.,-6.484573877407,10.047770563161));
#85 = CARTESIAN_POINT('',(900.,-8.27356893415,8.14419701328));
#86 = CARTESIAN_POINT('',(900.,-9.656002458132,5.73584797442));
#87 = CARTESIAN_POINT('',(900.,-10.52977855825,2.963355398573));
#88 = CARTESIAN_POINT('',(900.,-10.82868597989,1.07576916264E-08));
#89 = CARTESIAN_POINT('',(900.,-10.52977815497,-2.963355464776));
#90 = CARTESIAN_POINT('',(900.,-9.656002370534,-5.735847766832));
#91 = CARTESIAN_POINT('',(900.,-8.273569898342,-8.144197330841));
#92 = CARTESIAN_POINT('',(900.,-6.484572789755,-10.04777033324));
#93 = CARTESIAN_POINT('',(900.,-4.416182080579,-11.34925691639));
#94 = CARTESIAN_POINT('',(900.,-2.208090836522,-12.));
#95 = CARTESIAN_POINT('',(900.,5.414688997883E-15,-12.));
#96 = ORIENTED_EDGE('',*,*,#54,.F.);
#97 = ( BOUNDED_SURFACE() B_SPLINE_SURFACE(14,4,(
    (#98,#99,#100,#101,#102,#103,#104)
    ,(#105,#106,#107,#108,#109,#110,#111)
    ,(#112,#113,#114,#115,#116,#117,#118)
    ,(#119,#120,#121,#122,#123,#124,#125)
    ,(#126,#127,#128,#129,#130,#131,#132)
    ,(#133,#134,#135,#136,#137,#138,#139)
    ,(#140,#141,#142,#143,#144,#145,#146)
    ,(#147,#148,#149,#150,#151,#152,#153)
    ,(#154,#155,#156,#157,#158,#159,#160)
    ,(#161,#162,#163,#164,#165,#166,#167)
    ,(#168,#169,#170,#171,#172,#173,#174)
    ,(#175,#176,#177,#178,#179,#180,#181)
    ,(#182,#183,#184,#185,#186,#187,#188)
    ,(#189,#190,#191,#192,#193,#194,#195)
    ,(#196,#197,#198,#199,#200,#201,#202)
    ,(#203,#204,#205,#206,#207,#208,#209)
    ,(#210,#211,#212,#213,#214,#215,#216)
    ,(#217,#218,#219,#220,#221,#222,#223)
    ,(#224,#225,#226,#227,#228,#229,#230)
    ,(#231,#232,#233,#234,#235,#236,#237)
    ,(#238,#239,#240,#241,#242,#243,#244)
    ,(#245,#246,#247,#248,#249,#250,#251)
    ,(#252,#253,#254,#255,#256,#257,#258)
    ,(#259,#260,#261,#262,#263,#264,#265)
    ,(#266,#267,#268,#269,#270,#271,#272)
    ,(#273,#274,#275,#276,#277,#278,#279)
    ,(#280,#281,#282,#283,#284,#285,#286)
    ,(#287,#288,#289,#290,#291,#292,#293
)),.UNSPECIFIED.,.T.,.F.,.F.) B_SPLINE_SURFACE_WITH_KNOTS((15,13,15),(5,
    2,5),(0.,0.5,1.),(0.,0.377746099083,1.),.UNSPECIFIED.) 
GEOMETRIC_REPRESENTATION_ITEM() RATIONAL_B_SPLINE_SURFACE((
    (1.,1.,1.,1.,1.,1.,1.)
    ,(1.,1.,1.,1.,1.,1.,1.)
    ,(1.,1.,1.,1.,1.,1.,1.)
    ,(1.,1.,1.,1.,1.,1.,1.)
    ,(1.,1.,1.,1.,1.,1.,1.)
    ,(1.,1.,1.,1.,1.,1.,1.)
    ,(1.,1.,1.,1.,1.,1.,1.)
    ,(1.,1.,1.,1.,1.,1.,1.)
    ,(1.,1.,1.,1.,1.,1.,1.)
    ,(1.,1.,1.,1.,1.,1.,1.)
    ,(1.,1.,1.,1.,1.,1.,1.)
    ,(1.,1.,1.,1.,1.,1.,1.)
    ,(1.,1.,1.,1.,1.,1.,1.)
    ,(1.,1.,1.,1.,1.,1.,1.)
    ,(1.,1.,1.,1.,1.,1.,1.)
    ,(1.,1.,1.,1.,1.,1.,1.)
    ,(1.,1.,1.,1.,1.,1.,1.)
    ,(1.,1.,1.,1.,1.,1.,1.)
    ,(1.,1.,1.,1.,1.,1.,1.)
    ,(1.,1.,1.,1.,1.,1.,1.)
    ,(1.,1.,1.,1.,1.,1.,1.)
    ,(1.,1.,1.,1.,1.,1.,1.)
    ,(1.,1.,1.,1.,1.,1.,1.)
    ,(1.,1.,1.,1.,1.,1.,1.)
    ,(1.,1.,1.,1.,1.,1.,1.)
    ,(1.,1.,1.,1.,1.,1.,1.)
    ,(1.,1.,1.,1.,1.,1.,1.)
,(1.,1.,1.,1.,1.,1.,1.))) REPRESENTATION_ITEM('') SURFACE() );
#98 = CARTESIAN_POINT('',(-532.8947368421,-4.634477973919E-15,
    -5.921052631579));
#99 = CARTESIAN_POINT('',(-420.5977891578,-2.406364067692E-14,
    -93.15346811654));
#100 = CARTESIAN_POINT('',(-271.8747670603,-1.814236058583E-14,
    -97.01260896821));
#101 = CARTESIAN_POINT('',(87.590429117524,1.901870013474E-14,
    -124.2565295748));
#102 = CARTESIAN_POINT('',(449.16937793769,-1.342836597219E-14,
    -12.05469341356));
#103 = CARTESIAN_POINT('',(677.64222912004,5.881617542554E-15,
    -79.17935161793));
#104 = CARTESIAN_POINT('',(900.,1.379371012038E-15,-12.));
#105 = CARTESIAN_POINT('',(-532.8947368421,1.089518504864,-5.92105263158
    ));
#106 = CARTESIAN_POINT('',(-420.5977891578,17.140943278202,
    -93.15346811654));
#107 = CARTESIAN_POINT('',(-271.8747670603,17.851054407492,
    -97.0126089682));
#108 = CARTESIAN_POINT('',(87.590429117524,22.864142027686,
    -124.2565295748));
#109 = CARTESIAN_POINT('',(449.16937793769,2.218154838635,
    -12.05469341356));
#110 = CARTESIAN_POINT('',(677.64222912004,14.569600062446,
    -79.17935161793));
#111 = CARTESIAN_POINT('',(900.,2.208090836525,-12.));
#112 = CARTESIAN_POINT('',(-532.8947368421,2.17903721081,-5.599962294276
    ));
#113 = CARTESIAN_POINT('',(-420.5977891578,34.281885169313,
    -88.10188620971));
#114 = CARTESIAN_POINT('',(-271.8747670603,35.702107915706,
    -91.75175134413));
#115 = CARTESIAN_POINT('',(87.590429117524,45.728282478019,
    -117.5182723132));
#116 = CARTESIAN_POINT('',(449.16937793769,4.436309738211,
    -11.40098433353));
#117 = CARTESIAN_POINT('',(677.64222912004,29.139198794422,
    -74.8855664253));
#118 = CARTESIAN_POINT('',(900.,4.416182080576,-11.34925691639));
#119 = CARTESIAN_POINT('',(-532.8947368421,3.199624731787,
    -4.957781414432));
#120 = CARTESIAN_POINT('',(-420.5977891578,50.338384528988,
    -77.99872363717));
#121 = CARTESIAN_POINT('',(-271.8747670603,52.423790066645,
    -81.23003685285));
#122 = CARTESIAN_POINT('',(87.590429117524,67.145893904272,
    -104.0417591775));
#123 = CARTESIAN_POINT('',(449.16937793769,6.514129157854,
    -10.09356609787));
#124 = CARTESIAN_POINT('',(677.64222912004,42.787034910651,
    -66.29799724375));
#125 = CARTESIAN_POINT('',(900.,6.484572789756,-10.04777033324));
#126 = CARTESIAN_POINT('',(-532.8947368421,4.082353568261,
    -4.018518419823));
#127 = CARTESIAN_POINT('',(-420.5977891578,64.225960541285,
    -63.22168113062));
#128 = CARTESIAN_POINT('',(-271.8747670603,66.886701167774,
    -65.84081519439));
#129 = CARTESIAN_POINT('',(87.590429117524,85.670401987503,
    -84.33080243387));
#130 = CARTESIAN_POINT('',(449.16937793769,8.311277749875,
    -8.181316489845));
#131 = CARTESIAN_POINT('',(677.64222912004,54.59131005006,
    -53.73768478708));
#132 = CARTESIAN_POINT('',(900.,8.273569898342,-8.144197330841));
#133 = CARTESIAN_POINT('',(-532.8947368421,4.764474853882,
    -2.830188042845));
#134 = CARTESIAN_POINT('',(-420.5977891578,74.957515012862,
    -44.52618025934));
#135 = CARTESIAN_POINT('',(-271.8747670603,78.062837315351,
    -46.37080029552));
#136 = CARTESIAN_POINT('',(87.590429117524,99.985119569097,
    -59.3930502251));
#137 = CARTESIAN_POINT('',(449.16937793769,9.700012802406,-5.76199085036
    ));
#138 = CARTESIAN_POINT('',(677.64222912004,63.713005817227,
    -37.84672935349));
#139 = CARTESIAN_POINT('',(900.,9.656002370534,-5.735847766832));
#140 = CARTESIAN_POINT('',(-532.8947368421,5.195614221204,
    -1.462181972751));
#141 = CARTESIAN_POINT('',(-420.5977891578,81.740452342648,-23.003900946
    ));
#142 = CARTESIAN_POINT('',(-271.8747670603,85.12677660913,
    -23.95690163637));
#143 = CARTESIAN_POINT('',(87.590429117523,109.03281546745,
    -30.68468591461));
#144 = CARTESIAN_POINT('',(449.16937793769,10.577771089479,
    -2.976861625095));
#145 = CARTESIAN_POINT('',(677.64222912004,69.47842273132,
    -19.55304500543));
#146 = CARTESIAN_POINT('',(900.,10.529778154974,-2.963355464776));
#147 = CARTESIAN_POINT('',(-532.8947368421,5.343101634818,
    5.308068873333E-09));
#148 = CARTESIAN_POINT('',(-420.5977891578,84.060796228073,
    -7.092984237322E-09));
#149 = CARTESIAN_POINT('',(-271.8747670603,87.543248913965,
    3.467915909745E-09));
#150 = CARTESIAN_POINT('',(87.590429117523,112.12790108699,
    -4.028346791247E-09));
#151 = CARTESIAN_POINT('',(449.16937793769,10.878040162153,
    3.868132961817E-09));
#152 = CARTESIAN_POINT('',(677.64222912004,71.450687244502,
    -9.044056326068E-09));
#153 = CARTESIAN_POINT('',(900.,10.828685979899,1.075767697145E-08));
#154 = CARTESIAN_POINT('',(-532.8947368421,5.19561442019,1.462181940085)
  );
#155 = CARTESIAN_POINT('',(-420.5977891578,81.740452076695,
    23.003900989668));
#156 = CARTESIAN_POINT('',(-271.8747670603,85.126776739137,
    23.956901615032));
#157 = CARTESIAN_POINT('',(87.590429117523,109.03281531636,
    30.684685939419));
#158 = CARTESIAN_POINT('',(449.16937793769,10.577771234522,
    2.976861601283));
#159 = CARTESIAN_POINT('',(677.64222912004,69.478422392214,
    19.553045061102));
#160 = CARTESIAN_POINT('',(900.,10.529778558252,2.963355398573));
#161 = CARTESIAN_POINT('',(-532.8947368421,4.764474897105,2.830188145273
    ));
#162 = CARTESIAN_POINT('',(-420.5977891578,74.957514955077,
    44.526180122432));
#163 = CARTESIAN_POINT('',(-271.8747670603,78.062837343594,
    46.370800362444));
#164 = CARTESIAN_POINT('',(87.590429117523,99.985119536256,
    59.393050147319));
#165 = CARTESIAN_POINT('',(449.16937793769,9.700012833918,5.761990925028
    ));
#166 = CARTESIAN_POINT('',(677.64222912004,63.713005743558,
    37.846729178924));
#167 = CARTESIAN_POINT('',(900.,9.656002458132,5.73584797442));
#168 = CARTESIAN_POINT('',(-532.8947368421,4.082353092508,4.018518263131
    ));
#169 = CARTESIAN_POINT('',(-420.5977891578,64.22596117718,63.22168134007
    ));
#170 = CARTESIAN_POINT('',(-271.8747670603,66.886700856935,
    65.840815092012));
#171 = CARTESIAN_POINT('',(87.590429117523,85.670402348768,
    84.330802552873));
#172 = CARTESIAN_POINT('',(449.16937793769,8.311277403081,8.181316375623
    ));
#173 = CARTESIAN_POINT('',(677.64222912004,54.591310860841,
    53.737685054126));
#174 = CARTESIAN_POINT('',(900.,8.27356893415,8.14419701328));
#175 = CARTESIAN_POINT('',(-532.8947368421,3.199625268457,4.957781527875
    ));
#176 = CARTESIAN_POINT('',(-420.5977891578,50.338383811684,
    77.998723485545));
#177 = CARTESIAN_POINT('',(-271.8747670603,52.423790417283,
    81.230036926978));
#178 = CARTESIAN_POINT('',(87.590429117523,67.145893496772,
    104.04175909137));
#179 = CARTESIAN_POINT('',(449.16937793769,6.514129549046,
    10.093566180569));
#180 = CARTESIAN_POINT('',(677.64222912004,42.787033996063,
    66.297997050429));
#181 = CARTESIAN_POINT('',(900.,6.484573877407,10.047770563161));
#182 = CARTESIAN_POINT('',(-532.8947368421,2.17903699533,5.599962263155)
  );
#183 = CARTESIAN_POINT('',(-420.5977891578,34.281885457308,
    88.101886251304));
#184 = CARTESIAN_POINT('',(-271.8747670603,35.702107774921,
    91.751751323801));
#185 = CARTESIAN_POINT('',(87.590429117523,45.728282641617,
    117.51827233684));
#186 = CARTESIAN_POINT('',(449.16937793769,4.436309581148,
    11.400984310853));
#187 = CARTESIAN_POINT('',(677.64222912004,29.139199161632,
    74.885566478334));
#188 = CARTESIAN_POINT('',(900.,4.41618164387,11.349256853327));
#189 = CARTESIAN_POINT('',(-532.8947368421,1.089518497665,5.921052630794
    ));
#190 = CARTESIAN_POINT('',(-420.5977891578,17.140943287833,
    93.153468117598));
#191 = CARTESIAN_POINT('',(-271.8747670603,17.851054402788,
    97.012608967694));
#192 = CARTESIAN_POINT('',(87.590429117523,22.864142033166,
    124.25652957541));
#193 = CARTESIAN_POINT('',(449.16937793769,2.218154833383,
    12.054693412988));
#194 = CARTESIAN_POINT('',(677.64222912004,14.56960007472,
    79.179351619275));
#195 = CARTESIAN_POINT('',(900.,2.208090821935,11.99999999841));
#196 = CARTESIAN_POINT('',(-532.8947368421,-1.089518497665,
    5.921052630794));
#197 = CARTESIAN_POINT('',(-420.5977891578,-17.14094328783,
    93.153468117598));
#198 = CARTESIAN_POINT('',(-271.8747670603,-17.85105440279,
    97.012608967703));
#199 = CARTESIAN_POINT('',(87.590429117523,-22.86414203316,
    124.25652957541));
#200 = CARTESIAN_POINT('',(449.16937793769,-2.218154833384,
    12.054693412997));
#201 = CARTESIAN_POINT('',(677.64222912004,-14.56960007471,
    79.179351619273));
#202 = CARTESIAN_POINT('',(900.,-2.208090821935,11.99999999841));
#203 = CARTESIAN_POINT('',(-532.8947368421,-2.17903699533,5.599962263155
    ));
#204 = CARTESIAN_POINT('',(-420.5977891578,-34.28188545731,
    88.101886251301));
#205 = CARTESIAN_POINT('',(-271.8747670603,-35.70210777491,
    91.75175132378));
#206 = CARTESIAN_POINT('',(87.590429117523,-45.72828264162,
    117.51827233685));
#207 = CARTESIAN_POINT('',(449.16937793769,-4.436309581143,
    11.400984310835));
#208 = CARTESIAN_POINT('',(677.64222912004,-29.13919916163,
    74.885566478337));
#209 = CARTESIAN_POINT('',(900.,-4.41618164387,11.349256853327));
#210 = CARTESIAN_POINT('',(-532.8947368421,-3.199625268457,
    4.957781527875));
#211 = CARTESIAN_POINT('',(-420.5977891578,-50.33838381167,
    77.998723485548));
#212 = CARTESIAN_POINT('',(-271.8747670603,-52.42379041729,
    81.230036927001));
#213 = CARTESIAN_POINT('',(87.590429117523,-67.14589349675,
    104.04175909136));
#214 = CARTESIAN_POINT('',(449.16937793769,-6.514129549052,
    10.093566180588));
#215 = CARTESIAN_POINT('',(677.64222912004,-42.78703399605,
    66.297997050427));
#216 = CARTESIAN_POINT('',(900.,-6.484573877407,10.047770563161));
#217 = CARTESIAN_POINT('',(-532.8947368421,-4.082353092508,
    4.018518263131));
#218 = CARTESIAN_POINT('',(-420.5977891578,-64.22596117718,
    63.221681340068));
#219 = CARTESIAN_POINT('',(-271.8747670603,-66.88670085692,
    65.840815092005));
#220 = CARTESIAN_POINT('',(87.590429117523,-85.67040234877,
    84.330802552875));
#221 = CARTESIAN_POINT('',(449.16937793769,-8.311277403079,
    8.181316375618));
#222 = CARTESIAN_POINT('',(677.64222912004,-54.59131086084,
    53.737685054124));
#223 = CARTESIAN_POINT('',(900.,-8.27356893415,8.14419701328));
#224 = CARTESIAN_POINT('',(-532.8947368421,-4.764474897105,
    2.830188145273));
#225 = CARTESIAN_POINT('',(-420.5977891578,-74.95751495508,
    44.526180122432));
#226 = CARTESIAN_POINT('',(-271.8747670603,-78.06283734358,
    46.370800362435));
#227 = CARTESIAN_POINT('',(87.590429117523,-99.98511953626,
    59.393050147326));
#228 = CARTESIAN_POINT('',(449.16937793769,-9.700012833914,
    5.761990925018));
#229 = CARTESIAN_POINT('',(677.64222912004,-63.71300574356,
    37.846729178927));
#230 = CARTESIAN_POINT('',(900.,-9.656002458132,5.73584797442));
#231 = CARTESIAN_POINT('',(-532.8947368421,-5.19561442019,1.462181940085
    ));
#232 = CARTESIAN_POINT('',(-420.5977891578,-81.74045207668,
    23.00390098967));
#233 = CARTESIAN_POINT('',(-271.8747670603,-85.12677673914,
    23.956901615043));
#234 = CARTESIAN_POINT('',(87.590429117523,-109.0328153163,
    30.684685939414));
#235 = CARTESIAN_POINT('',(449.16937793769,-10.57777123452,
    2.976861601292));
#236 = CARTESIAN_POINT('',(677.64222912004,-69.4784223922,
    19.553045061103));
#237 = CARTESIAN_POINT('',(900.,-10.52977855825,2.963355398573));
#238 = CARTESIAN_POINT('',(-532.8947368421,-5.343101634818,
    5.308068873333E-09));
#239 = CARTESIAN_POINT('',(-420.5977891578,-84.06079622807,
    -7.0951162745E-09));
#240 = CARTESIAN_POINT('',(-271.8747670603,-87.54324891396,
    3.469853713875E-09));
#241 = CARTESIAN_POINT('',(87.590429117523,-112.1279010869,
    -4.033090607678E-09));
#242 = CARTESIAN_POINT('',(449.16937793769,-10.87804016215,
    3.871788178981E-09));
#243 = CARTESIAN_POINT('',(677.64222912004,-71.4506872445,
    -9.047301847552E-09));
#244 = CARTESIAN_POINT('',(900.,-10.82868597989,1.07576916264E-08));
#245 = CARTESIAN_POINT('',(-532.8947368421,-5.195614221204,
    -1.462181972751));
#246 = CARTESIAN_POINT('',(-420.5977891578,-81.74045234265,-23.003900946
    ));
#247 = CARTESIAN_POINT('',(-271.8747670603,-85.12677660912,
    -23.95690163638));
#248 = CARTESIAN_POINT('',(87.590429117523,-109.0328154674,
    -30.6846859146));
#249 = CARTESIAN_POINT('',(449.16937793769,-10.57777108947,
    -2.976861625104));
#250 = CARTESIAN_POINT('',(677.64222912004,-69.47842273132,
    -19.55304500543));
#251 = CARTESIAN_POINT('',(900.,-10.52977815497,-2.963355464776));
#252 = CARTESIAN_POINT('',(-532.8947368421,-4.764474853882,
    -2.830188042845));
#253 = CARTESIAN_POINT('',(-420.5977891578,-74.95751501285,
    -44.52618025934));
#254 = CARTESIAN_POINT('',(-271.8747670603,-78.06283731535,
    -46.37080029551));
#255 = CARTESIAN_POINT('',(87.590429117524,-99.98511956909,
    -59.3930502251));
#256 = CARTESIAN_POINT('',(449.16937793769,-9.700012802405,
    -5.761990850359));
#257 = CARTESIAN_POINT('',(677.64222912004,-63.71300581722,
    -37.84672935348));
#258 = CARTESIAN_POINT('',(900.,-9.656002370534,-5.735847766832));
#259 = CARTESIAN_POINT('',(-532.8947368421,-4.082353568261,
    -4.018518419823));
#260 = CARTESIAN_POINT('',(-420.5977891578,-64.22596054127,
    -63.22168113062));
#261 = CARTESIAN_POINT('',(-271.8747670603,-66.88670116778,
    -65.84081519438));
#262 = CARTESIAN_POINT('',(87.590429117524,-85.67040198749,
    -84.33080243388));
#263 = CARTESIAN_POINT('',(449.16937793769,-8.311277749877,
    -8.181316489836));
#264 = CARTESIAN_POINT('',(677.64222912004,-54.59131005005,
    -53.73768478708));
#265 = CARTESIAN_POINT('',(900.,-8.273569898342,-8.144197330841));
#266 = CARTESIAN_POINT('',(-532.8947368421,-3.199624731787,
    -4.957781414432));
#267 = CARTESIAN_POINT('',(-420.5977891578,-50.338384529,-77.99872363718
    ));
#268 = CARTESIAN_POINT('',(-271.8747670603,-52.42379006663,
    -81.23003685287));
#269 = CARTESIAN_POINT('',(87.590429117524,-67.14589390428,
    -104.0417591775));
#270 = CARTESIAN_POINT('',(449.16937793769,-6.514129157852,
    -10.09356609788));
#271 = CARTESIAN_POINT('',(677.64222912004,-42.78703491066,
    -66.29799724376));
#272 = CARTESIAN_POINT('',(900.,-6.484572789755,-10.04777033324));
#273 = CARTESIAN_POINT('',(-532.8947368421,-2.179037210812,
    -5.599962294276));
#274 = CARTESIAN_POINT('',(-420.5977891578,-34.28188516929,
    -88.1018862097));
#275 = CARTESIAN_POINT('',(-271.8747670603,-35.70210791571,
    -91.75175134411));
#276 = CARTESIAN_POINT('',(87.590429117524,-45.728282478,-117.5182723132
    ));
#277 = CARTESIAN_POINT('',(449.16937793769,-4.436309738213,
    -11.40098433352));
#278 = CARTESIAN_POINT('',(677.64222912004,-29.1391987944,
    -74.88556642529));
#279 = CARTESIAN_POINT('',(900.,-4.416182080579,-11.34925691639));
#280 = CARTESIAN_POINT('',(-532.8947368421,-1.089518504863,
    -5.92105263158));
#281 = CARTESIAN_POINT('',(-420.5977891578,-17.14094327821,
    -93.15346811654));
#282 = CARTESIAN_POINT('',(-271.8747670603,-17.85105440749,
    -97.01260896821));
#283 = CARTESIAN_POINT('',(87.590429117524,-22.86414202769,
    -124.2565295748));
#284 = CARTESIAN_POINT('',(449.16937793769,-2.218154838633,
    -12.05469341356));
#285 = CARTESIAN_POINT('',(677.64222912004,-14.56960006245,
    -79.17935161793));
#286 = CARTESIAN_POINT('',(900.,-2.208090836522,-12.));
#287 = CARTESIAN_POINT('',(-532.8947368421,6.355282652901E-15,
    -5.921052631579));
#288 = CARTESIAN_POINT('',(-420.5977891578,-1.068543839637E-14,
    -93.15346811654));
#289 = CARTESIAN_POINT('',(-271.8747670603,-5.251251335253E-14,
    -97.01260896821));
#290 = CARTESIAN_POINT('',(87.590429117524,-2.395833215529E-14,
    -124.2565295748));
#291 = CARTESIAN_POINT('',(449.16937793769,1.215818440635E-14,
    -12.05469341356));
#292 = CARTESIAN_POINT('',(677.64222912004,-3.517738143855E-14,
    -79.17935161793));
#293 = CARTESIAN_POINT('',(900.,5.414688997883E-15,-12.));
#294 = ADVANCED_FACE('',(#295),#298,.F.);
#295 = FACE_BOUND('',#296,.T.);
#296 = EDGE_LOOP('',(#297));
#297 = ORIENTED_EDGE('',*,*,#21,.F.);
#298 = PLANE('',#299);
#299 = AXIS2_PLACEMENT_3D('',#300,#301,#302);
#300 = CARTESIAN_POINT('',(-532.8947368421,-4.634477973919E-15,
    -5.921052631579));
#301 = DIRECTION('',(1.,0.,0.));
#302 = DIRECTION('',(0.,4.770518483471E-02,0.998861459533));
#303 = ADVANCED_FACE('',(#304),#307,.T.);
#304 = FACE_BOUND('',#305,.T.);
#305 = EDGE_LOOP('',(#306));
#306 = ORIENTED_EDGE('',*,*,#66,.T.);
#307 = PLANE('',#308);
#308 = AXIS2_PLACEMENT_3D('',#309,#310,#311);
#309 = CARTESIAN_POINT('',(900.,1.379371012038E-15,-12.));
#310 = DIRECTION('',(1.,0.,0.));
#311 = DIRECTION('',(0.,4.770518483471E-02,0.998861459533));
#312 = MANIFOLD_SOLID_BREP('',#313);
#313 = CLOSED_SHELL('',(#314,#410,#419));
#314 = ADVANCED_FACE('',(#315),#364,.T.);
#315 = FACE_BOUND('',#316,.T.);
#316 = EDGE_LOOP('',(#317,#337,#345,#363));
#317 = ORIENTED_EDGE('',*,*,#318,.T.);
#318 = EDGE_CURVE('',#319,#319,#321,.T.);
#319 = VERTEX_POINT('',#320);
#320 = CARTESIAN_POINT('',(-567.4342105263,0.,-0.740131578947));
#321 = B_SPLINE_CURVE_WITH_KNOTS('',14,(#322,#323,#324,#325,#326,#327,
    #328,#329,#330,#331,#332,#333,#334,#335,#336),.UNSPECIFIED.,.T.,.F.,
  (15,15),(0.,1.),.PIECEWISE_BEZIER_KNOTS.);
#322 = CARTESIAN_POINT('',(-567.4342105263,-3.171719523786E-16,
    -0.740131578947));
#323 = CARTESIAN_POINT('',(-567.4342105263,0.332170275873,
    -0.740131578947));
#324 = CARTESIAN_POINT('',(-567.4342105263,0.664340674359,
    -0.579585513616));
#325 = CARTESIAN_POINT('',(-567.4342105263,0.912448529533,
    -0.258502144512));
#326 = CARTESIAN_POINT('',(-567.4342105263,0.992440654811,0.175145241848
    ));
#327 = CARTESIAN_POINT('',(-567.4342105263,0.850394058305,0.625194277183
    ));
#328 = CARTESIAN_POINT('',(-567.4342105263,0.492842697986,0.968944699433
    ));
#329 = CARTESIAN_POINT('',(-567.4342105263,-7.739047498084E-14,
    1.098133208599));
#330 = CARTESIAN_POINT('',(-567.4342105263,-0.492842697985,
    0.968944699433));
#331 = CARTESIAN_POINT('',(-567.4342105263,-0.850394058305,
    0.625194277183));
#332 = CARTESIAN_POINT('',(-567.4342105263,-0.992440654812,
    0.175145241848));
#333 = CARTESIAN_POINT('',(-567.4342105263,-0.912448529533,
    -0.258502144513));
#334 = CARTESIAN_POINT('',(-567.4342105263,-0.664340674359,
    -0.579585513616));
#335 = CARTESIAN_POINT('',(-567.4342105263,-0.332170275873,
    -0.740131578947));
#336 = CARTESIAN_POINT('',(-567.4342105263,-4.61586180115E-16,
    -0.740131578947));
#337 = ORIENTED_EDGE('',*,*,#338,.T.);
#338 = EDGE_CURVE('',#319,#339,#341,.T.);
#339 = VERTEX_POINT('',#340);
#340 = CARTESIAN_POINT('',(59.210526315789,0.,-3.947368421053));
#341 = B_SPLINE_CURVE_WITH_KNOTS('',2,(#342,#343,#344),.UNSPECIFIED.,.F.
  ,.F.,(3,3),(0.,1.),.PIECEWISE_BEZIER_KNOTS.);
#342 = CARTESIAN_POINT('',(-567.4342105263,-3.171719523786E-16,
    -0.740131578947));
#343 = CARTESIAN_POINT('',(-253.1849737167,-1.817279220133E-15,
    15.503195061302));
#344 = CARTESIAN_POINT('',(59.210526315789,5.653020271218E-16,
    -3.947368421053));
#345 = ORIENTED_EDGE('',*,*,#346,.F.);
#346 = EDGE_CURVE('',#339,#339,#347,.T.);
#347 = B_SPLINE_CURVE_WITH_KNOTS('',14,(#348,#349,#350,#351,#352,#353,
    #354,#355,#356,#357,#358,#359,#360,#361,#362),.UNSPECIFIED.,.T.,.F.,
  (15,15),(0.,1.),.PIECEWISE_BEZIER_KNOTS.);
#348 = CARTESIAN_POINT('',(59.210526315789,5.653020271218E-16,
    -3.947368421053));
#349 = CARTESIAN_POINT('',(59.210526315789,1.771574804657,
    -3.947368421053));
#350 = CARTESIAN_POINT('',(59.210526315789,3.54315026324,-3.091127521579
    ));
#351 = CARTESIAN_POINT('',(59.210526315789,4.866392157526,
    -1.378644628018));
#352 = CARTESIAN_POINT('',(59.210526315789,5.293016825628,0.933989268704
    ));
#353 = CARTESIAN_POINT('',(59.210526315789,4.535434977672,3.334640764752
    ));
#354 = CARTESIAN_POINT('',(59.210526315789,2.628494389202,5.167269874966
    ));
#355 = CARTESIAN_POINT('',(59.210526315789,5.070788233752E-11,
    5.857218165982));
#356 = CARTESIAN_POINT('',(59.210526315789,-2.628494389294,
    5.167269874969));
#357 = CARTESIAN_POINT('',(59.210526315789,-4.535434977602,
    3.334640764748));
#358 = CARTESIAN_POINT('',(59.210526315789,-5.293016825673,
    0.933989268708));
#359 = CARTESIAN_POINT('',(59.210526315789,-4.866392157504,
    -1.37864462802));
#360 = CARTESIAN_POINT('',(59.210526315789,-3.543150263248,
    -3.091127521579));
#361 = CARTESIAN_POINT('',(59.210526315789,-1.771574804655,
    -3.947368421053));
#362 = CARTESIAN_POINT('',(59.210526315789,-1.389145080405E-15,
    -3.947368421053));
#363 = ORIENTED_EDGE('',*,*,#338,.F.);
#364 = B_SPLINE_SURFACE_WITH_KNOTS('',14,2,(
    (#365,#366,#367)
    ,(#368,#369,#370)
    ,(#371,#372,#373)
    ,(#374,#375,#376)
    ,(#377,#378,#379)
    ,(#380,#381,#382)
    ,(#383,#384,#385)
    ,(#386,#387,#388)
    ,(#389,#390,#391)
    ,(#392,#393,#394)
    ,(#395,#396,#397)
    ,(#398,#399,#400)
    ,(#401,#402,#403)
    ,(#404,#405,#406)
    ,(#407,#408,#409
    )),.UNSPECIFIED.,.T.,.F.,.F.,(15,15),(3,3),(0.,1.),(0.,1.),
  .PIECEWISE_BEZIER_KNOTS.);
#365 = CARTESIAN_POINT('',(-567.4342105263,-3.171719523786E-16,
    -0.740131578947));
#366 = CARTESIAN_POINT('',(-253.1849737167,-1.817279220133E-15,
    15.503195061302));
#367 = CARTESIAN_POINT('',(59.210526315789,5.653020271218E-16,
    -3.947368421053));
#368 = CARTESIAN_POINT('',(-567.4342105263,0.332170275873,
    -0.740131578947));
#369 = CARTESIAN_POINT('',(-253.1849737167,-6.957817673124,
    15.503195061305));
#370 = CARTESIAN_POINT('',(59.210526315789,1.771574804657,
    -3.947368421053));
#371 = CARTESIAN_POINT('',(-567.4342105263,0.664340674359,
    -0.579585513616));
#372 = CARTESIAN_POINT('',(-253.1849737167,-13.91563791445,
    12.140368797077));
#373 = CARTESIAN_POINT('',(59.210526315789,3.54315026324,-3.091127521579
    ));
#374 = CARTESIAN_POINT('',(-567.4342105263,0.912448529533,
    -0.258502144512));
#375 = CARTESIAN_POINT('',(-253.1849737167,-19.11263880541,
    5.414318078969));
#376 = CARTESIAN_POINT('',(59.210526315789,4.866392157526,
    -1.378644628018));
#377 = CARTESIAN_POINT('',(-567.4342105263,0.992440654811,0.175145241848
    ));
#378 = CARTESIAN_POINT('',(-253.1849737167,-20.78819698505,
    -3.66724294898));
#379 = CARTESIAN_POINT('',(59.210526315789,5.293016825628,0.933989268704
    ));
#380 = CARTESIAN_POINT('',(-567.4342105263,0.850394058305,0.625194277183
    ));
#381 = CARTESIAN_POINT('',(-253.1849737167,-17.81281239755,
    -13.09895628032));
#382 = CARTESIAN_POINT('',(59.210526315789,4.535434977672,3.334640764752
    ));
#383 = CARTESIAN_POINT('',(-567.4342105263,0.492842697986,0.968944699433
    ));
#384 = CARTESIAN_POINT('',(-253.1849737167,-10.32334884532,
    -20.29074443956));
#385 = CARTESIAN_POINT('',(59.210526315789,2.628494389202,5.167269874966
    ));
#386 = CARTESIAN_POINT('',(-567.4342105263,-7.739047498084E-14,
    1.098133208599));
#387 = CARTESIAN_POINT('',(-253.1849737167,-6.184234621558E-10,
    -23.00826606047));
#388 = CARTESIAN_POINT('',(59.210526315789,5.070788233752E-11,
    5.857218165982));
#389 = CARTESIAN_POINT('',(-567.4342105263,-0.492842697985,
    0.968944699433));
#390 = CARTESIAN_POINT('',(-253.1849737167,10.323348846458,
    -20.29074443962));
#391 = CARTESIAN_POINT('',(59.210526315789,-2.628494389294,
    5.167269874969));
#392 = CARTESIAN_POINT('',(-567.4342105263,-0.850394058305,
    0.625194277183));
#393 = CARTESIAN_POINT('',(-253.1849737167,17.812812396694,
    -13.09895628023));
#394 = CARTESIAN_POINT('',(59.210526315789,-4.535434977602,
    3.334640764748));
#395 = CARTESIAN_POINT('',(-567.4342105263,-0.992440654812,
    0.175145241848));
#396 = CARTESIAN_POINT('',(-253.1849737167,20.788196985585,
    -3.667242949059));
#397 = CARTESIAN_POINT('',(59.210526315789,-5.293016825673,
    0.933989268708));
#398 = CARTESIAN_POINT('',(-567.4342105263,-0.912448529533,
    -0.258502144513));
#399 = CARTESIAN_POINT('',(-253.1849737167,19.112638805151,
    5.414318079017));
#400 = CARTESIAN_POINT('',(59.210526315789,-4.866392157504,
    -1.37864462802));
#401 = CARTESIAN_POINT('',(-567.4342105263,-0.664340674359,
    -0.579585513616));
#402 = CARTESIAN_POINT('',(-253.1849737167,13.915637914545,
    12.140368797058));
#403 = CARTESIAN_POINT('',(59.210526315789,-3.543150263248,
    -3.091127521579));
#404 = CARTESIAN_POINT('',(-567.4342105263,-0.332170275873,
    -0.740131578947));
#405 = CARTESIAN_POINT('',(-253.1849737167,6.957817673104,15.50319506131
    ));
#406 = CARTESIAN_POINT('',(59.210526315789,-1.771574804655,
    -3.947368421053));
#407 = CARTESIAN_POINT('',(-567.4342105263,-4.61586180115E-16,
    -0.740131578947));
#408 = CARTESIAN_POINT('',(-253.1849737167,4.683975768823E-14,
    15.503195061301));
#409 = CARTESIAN_POINT('',(59.210526315789,-1.389145080405E-15,
    -3.947368421053));
#410 = ADVANCED_FACE('',(#411),#414,.T.);
#411 = FACE_BOUND('',#412,.T.);
#412 = EDGE_LOOP('',(#413));
#413 = ORIENTED_EDGE('',*,*,#318,.F.);
#414 = PLANE('',#415);
#415 = AXIS2_PLACEMENT_3D('',#416,#417,#418);
#416 = CARTESIAN_POINT('',(-567.4342105263,-3.171719523786E-16,
    -0.740131578947));
#417 = DIRECTION('',(-1.,0.,0.));
#418 = DIRECTION('',(0.,2.986442263966E-16,1.));
#419 = ADVANCED_FACE('',(#420),#423,.F.);
#420 = FACE_BOUND('',#421,.T.);
#421 = EDGE_LOOP('',(#422));
#422 = ORIENTED_EDGE('',*,*,#346,.T.);
#423 = PLANE('',#424);
#424 = AXIS2_PLACEMENT_3D('',#425,#426,#427);
#425 = CARTESIAN_POINT('',(59.210526315789,5.653020271218E-16,
    -3.947368421053));
#426 = DIRECTION('',(-1.,1.846333021831E-15,5.431256025354E-32));
#427 = DIRECTION('',(1.094764425254E-47,-2.941644850163E-17,1.));
#428 = MANIFOLD_SOLID_BREP('',#429);
#429 = CLOSED_SHELL('',(#430,#470,#501,#532,#554,#566));
#430 = ADVANCED_FACE('',(#431),#465,.F.);
#431 = FACE_BOUND('',#432,.F.);
#432 = EDGE_LOOP('',(#433,#443,#451,#459));
#433 = ORIENTED_EDGE('',*,*,#434,.T.);
#434 = EDGE_CURVE('',#435,#437,#439,.T.);
#435 = VERTEX_POINT('',#436);
#436 = CARTESIAN_POINT('',(-162.8289473684,0.261746225269,
    68.984831955252));
#437 = VERTEX_POINT('',#438);
#438 = CARTESIAN_POINT('',(-162.8289473684,-0.261746225269,
    83.975694360538));
#439 = LINE('',#440,#441);
#440 = CARTESIAN_POINT('',(-162.8289473684,0.261746225269,
    68.984831955252));
#441 = VECTOR('',#442,1.);
#442 = DIRECTION('',(0.,-3.48994967025E-02,0.999390827019));
#443 = ORIENTED_EDGE('',*,*,#444,.T.);
#444 = EDGE_CURVE('',#437,#445,#447,.T.);
#445 = VERTEX_POINT('',#446);
#446 = CARTESIAN_POINT('',(113.48684210526,-0.261746225269,
    83.975694360538));
#447 = LINE('',#448,#449);
#448 = CARTESIAN_POINT('',(-162.8289473684,-0.261746225269,
    83.975694360538));
#449 = VECTOR('',#450,1.);
#450 = DIRECTION('',(1.,0.,0.));
#451 = ORIENTED_EDGE('',*,*,#452,.F.);
#452 = EDGE_CURVE('',#453,#445,#455,.T.);
#453 = VERTEX_POINT('',#454);
#454 = CARTESIAN_POINT('',(113.48684210526,0.261746225269,
    68.984831955252));
#455 = LINE('',#456,#457);
#456 = CARTESIAN_POINT('',(113.48684210526,0.261746225269,
    68.984831955252));
#457 = VECTOR('',#458,1.);
#458 = DIRECTION('',(0.,-3.48994967025E-02,0.999390827019));
#459 = ORIENTED_EDGE('',*,*,#460,.F.);
#460 = EDGE_CURVE('',#435,#453,#461,.T.);
#461 = LINE('',#462,#463);
#462 = CARTESIAN_POINT('',(-162.8289473684,0.261746225269,
    68.984831955252));
#463 = VECTOR('',#464,1.);
#464 = DIRECTION('',(1.,0.,0.));
#465 = PLANE('',#466);
#466 = AXIS2_PLACEMENT_3D('',#467,#468,#469);
#467 = CARTESIAN_POINT('',(-162.8289473684,0.261746225269,
    68.984831955252));
#468 = DIRECTION('',(0.,0.999390827019,3.48994967025E-02));
#469 = DIRECTION('',(1.,0.,0.));
#470 = ADVANCED_FACE('',(#471),#496,.F.);
#471 = FACE_BOUND('',#472,.F.);
#472 = EDGE_LOOP('',(#473,#474,#482,#490));
#473 = ORIENTED_EDGE('',*,*,#452,.T.);
#474 = ORIENTED_EDGE('',*,*,#475,.T.);
#475 = EDGE_CURVE('',#445,#476,#478,.T.);
#476 = VERTEX_POINT('',#477);
#477 = CARTESIAN_POINT('',(138.15789473684,749.28137403905,
    110.15031688741));
#478 = LINE('',#479,#480);
#479 = CARTESIAN_POINT('',(113.48684210526,-0.261746225269,
    83.975694360538));
#480 = VECTOR('',#481,1.);
#481 = DIRECTION('',(3.287695417177E-02,0.998850563156,
    3.488063027266E-02));
#482 = ORIENTED_EDGE('',*,*,#483,.F.);
#483 = EDGE_CURVE('',#484,#476,#486,.T.);
#484 = VERTEX_POINT('',#485);
#485 = CARTESIAN_POINT('',(138.15789473684,749.80486648959,
    95.159454482127));
#486 = LINE('',#487,#488);
#487 = CARTESIAN_POINT('',(138.15789473684,749.80486648959,
    95.159454482127));
#488 = VECTOR('',#489,1.);
#489 = DIRECTION('',(0.,-3.48994967025E-02,0.999390827019));
#490 = ORIENTED_EDGE('',*,*,#491,.F.);
#491 = EDGE_CURVE('',#453,#484,#492,.T.);
#492 = LINE('',#493,#494);
#493 = CARTESIAN_POINT('',(113.48684210526,0.261746225269,
    68.984831955252));
#494 = VECTOR('',#495,1.);
#495 = DIRECTION('',(3.287695417177E-02,0.998850563156,
    3.488063027266E-02));
#496 = PLANE('',#497);
#497 = AXIS2_PLACEMENT_3D('',#498,#499,#500);
#498 = CARTESIAN_POINT('',(113.48684210526,0.261746225269,
    68.984831955252));
#499 = DIRECTION('',(-0.999459406822,3.285692641959E-02,
    1.147389153706E-03));
#500 = DIRECTION('',(3.287695417177E-02,0.998850563156,
    3.488063027266E-02));
#501 = ADVANCED_FACE('',(#502),#527,.F.);
#502 = FACE_BOUND('',#503,.F.);
#503 = EDGE_LOOP('',(#504,#505,#513,#521));
#504 = ORIENTED_EDGE('',*,*,#483,.T.);
#505 = ORIENTED_EDGE('',*,*,#506,.T.);
#506 = EDGE_CURVE('',#476,#507,#509,.T.);
#507 = VERTEX_POINT('',#508);
#508 = CARTESIAN_POINT('',(-4.934210526316,749.28137403905,
    110.15031688741));
#509 = LINE('',#510,#511);
#510 = CARTESIAN_POINT('',(138.15789473684,749.28137403905,
    110.15031688741));
#511 = VECTOR('',#512,1.);
#512 = DIRECTION('',(-1.,0.,0.));
#513 = ORIENTED_EDGE('',*,*,#514,.F.);
#514 = EDGE_CURVE('',#515,#507,#517,.T.);
#515 = VERTEX_POINT('',#516);
#516 = CARTESIAN_POINT('',(-4.934210526316,749.80486648959,
    95.159454482127));
#517 = LINE('',#518,#519);
#518 = CARTESIAN_POINT('',(-4.934210526316,749.80486648959,
    95.159454482127));
#519 = VECTOR('',#520,1.);
#520 = DIRECTION('',(0.,-3.48994967025E-02,0.999390827019));
#521 = ORIENTED_EDGE('',*,*,#522,.F.);
#522 = EDGE_CURVE('',#484,#515,#523,.T.);
#523 = LINE('',#524,#525);
#524 = CARTESIAN_POINT('',(138.15789473684,749.80486648959,
    95.159454482127));
#525 = VECTOR('',#526,1.);
#526 = DIRECTION('',(-1.,0.,0.));
#527 = PLANE('',#528);
#528 = AXIS2_PLACEMENT_3D('',#529,#530,#531);
#529 = CARTESIAN_POINT('',(138.15789473684,749.80486648959,
    95.159454482127));
#530 = DIRECTION('',(0.,-0.999390827019,-3.48994967025E-02));
#531 = DIRECTION('',(-1.,0.,0.));
#532 = ADVANCED_FACE('',(#533),#549,.F.);
#533 = FACE_BOUND('',#534,.F.);
#534 = EDGE_LOOP('',(#535,#536,#542,#543));
#535 = ORIENTED_EDGE('',*,*,#514,.T.);
#536 = ORIENTED_EDGE('',*,*,#537,.T.);
#537 = EDGE_CURVE('',#507,#437,#538,.T.);
#538 = LINE('',#539,#540);
#539 = CARTESIAN_POINT('',(-4.934210526316,749.28137403905,
    110.15031688741));
#540 = VECTOR('',#541,1.);
#541 = DIRECTION('',(-0.20601048105,-0.977953678897,-3.415089499438E-02)
  );
#542 = ORIENTED_EDGE('',*,*,#434,.F.);
#543 = ORIENTED_EDGE('',*,*,#544,.F.);
#544 = EDGE_CURVE('',#515,#435,#545,.T.);
#545 = LINE('',#546,#547);
#546 = CARTESIAN_POINT('',(-4.934210526316,749.80486648959,
    95.159454482127));
#547 = VECTOR('',#548,1.);
#548 = DIRECTION('',(-0.20601048105,-0.977953678897,-3.415089499438E-02)
  );
#549 = PLANE('',#550);
#550 = AXIS2_PLACEMENT_3D('',#551,#552,#553);
#551 = CARTESIAN_POINT('',(-4.934210526316,749.80486648959,
    95.159454482127));
#552 = DIRECTION('',(0.978549784987,-0.205884985031,-7.18966210408E-03)
  );
#553 = DIRECTION('',(-0.20601048105,-0.977953678897,-3.415089499438E-02)
  );
#554 = ADVANCED_FACE('',(#555),#561,.F.);
#555 = FACE_BOUND('',#556,.F.);
#556 = EDGE_LOOP('',(#557,#558,#559,#560));
#557 = ORIENTED_EDGE('',*,*,#460,.T.);
#558 = ORIENTED_EDGE('',*,*,#491,.T.);
#559 = ORIENTED_EDGE('',*,*,#522,.T.);
#560 = ORIENTED_EDGE('',*,*,#544,.T.);
#561 = PLANE('',#562);
#562 = AXIS2_PLACEMENT_3D('',#563,#564,#565);
#563 = CARTESIAN_POINT('',(16.96173342456,349.24720010648,81.17167254621
    ));
#564 = DIRECTION('',(0.,-3.48994967025E-02,0.999390827019));
#565 = DIRECTION('',(1.,0.,0.));
#566 = ADVANCED_FACE('',(#567),#573,.T.);
#567 = FACE_BOUND('',#568,.T.);
#568 = EDGE_LOOP('',(#569,#570,#571,#572));
#569 = ORIENTED_EDGE('',*,*,#444,.T.);
#570 = ORIENTED_EDGE('',*,*,#475,.T.);
#571 = ORIENTED_EDGE('',*,*,#506,.T.);
#572 = ORIENTED_EDGE('',*,*,#537,.T.);
#573 = PLANE('',#574);
#574 = AXIS2_PLACEMENT_3D('',#575,#576,#577);
#575 = CARTESIAN_POINT('',(16.96173342456,348.72370765594,
    96.162534951497));
#576 = DIRECTION('',(0.,-3.48994967025E-02,0.999390827019));
#577 = DIRECTION('',(1.,0.,0.));
#578 = MANIFOLD_SOLID_BREP('',#579);
#579 = CLOSED_SHELL('',(#580,#620,#651,#682,#704,#716));
#580 = ADVANCED_FACE('',(#581),#615,.F.);
#581 = FACE_BOUND('',#582,.T.);
#582 = EDGE_LOOP('',(#583,#593,#601,#609));
#583 = ORIENTED_EDGE('',*,*,#584,.T.);
#584 = EDGE_CURVE('',#585,#587,#589,.T.);
#585 = VERTEX_POINT('',#586);
#586 = CARTESIAN_POINT('',(-162.8289473684,-0.261746225269,
    68.984831955252));
#587 = VERTEX_POINT('',#588);
#588 = CARTESIAN_POINT('',(-162.8289473684,0.261746225269,
    83.975694360538));
#589 = LINE('',#590,#591);
#590 = CARTESIAN_POINT('',(-162.8289473684,-0.261746225269,
    68.984831955252));
#591 = VECTOR('',#592,1.);
#592 = DIRECTION('',(0.,3.48994967025E-02,0.999390827019));
#593 = ORIENTED_EDGE('',*,*,#594,.T.);
#594 = EDGE_CURVE('',#587,#595,#597,.T.);
#595 = VERTEX_POINT('',#596);
#596 = CARTESIAN_POINT('',(113.48684210526,0.261746225269,
    83.975694360538));
#597 = LINE('',#598,#599);
#598 = CARTESIAN_POINT('',(-162.8289473684,0.261746225269,
    83.975694360538));
#599 = VECTOR('',#600,1.);
#600 = DIRECTION('',(1.,0.,0.));
#601 = ORIENTED_EDGE('',*,*,#602,.F.);
#602 = EDGE_CURVE('',#603,#595,#605,.T.);
#603 = VERTEX_POINT('',#604);
#604 = CARTESIAN_POINT('',(113.48684210526,-0.261746225269,
    68.984831955252));
#605 = LINE('',#606,#607);
#606 = CARTESIAN_POINT('',(113.48684210526,-0.261746225269,
    68.984831955252));
#607 = VECTOR('',#608,1.);
#608 = DIRECTION('',(0.,3.48994967025E-02,0.999390827019));
#609 = ORIENTED_EDGE('',*,*,#610,.F.);
#610 = EDGE_CURVE('',#585,#603,#611,.T.);
#611 = LINE('',#612,#613);
#612 = CARTESIAN_POINT('',(-162.8289473684,-0.261746225269,
    68.984831955252));
#613 = VECTOR('',#614,1.);
#614 = DIRECTION('',(1.,0.,0.));
#615 = PLANE('',#616);
#616 = AXIS2_PLACEMENT_3D('',#617,#618,#619);
#617 = CARTESIAN_POINT('',(-162.8289473684,-0.261746225269,
    68.984831955252));
#618 = DIRECTION('',(0.,-0.999390827019,3.48994967025E-02));
#619 = DIRECTION('',(-1.,0.,0.));
#620 = ADVANCED_FACE('',(#621),#646,.F.);
#621 = FACE_BOUND('',#622,.T.);
#622 = EDGE_LOOP('',(#623,#624,#632,#640));
#623 = ORIENTED_EDGE('',*,*,#602,.T.);
#624 = ORIENTED_EDGE('',*,*,#625,.T.);
#625 = EDGE_CURVE('',#595,#626,#628,.T.);
#626 = VERTEX_POINT('',#627);
#627 = CARTESIAN_POINT('',(138.15789473684,-749.281374039,
    110.15031688741));
#628 = LINE('',#629,#630);
#629 = CARTESIAN_POINT('',(113.48684210526,0.261746225269,
    83.975694360538));
#630 = VECTOR('',#631,1.);
#631 = DIRECTION('',(3.287695417177E-02,-0.998850563156,
    3.488063027266E-02));
#632 = ORIENTED_EDGE('',*,*,#633,.F.);
#633 = EDGE_CURVE('',#634,#626,#636,.T.);
#634 = VERTEX_POINT('',#635);
#635 = CARTESIAN_POINT('',(138.15789473684,-749.8048664895,
    95.159454482127));
#636 = LINE('',#637,#638);
#637 = CARTESIAN_POINT('',(138.15789473684,-749.8048664895,
    95.159454482127));
#638 = VECTOR('',#639,1.);
#639 = DIRECTION('',(0.,3.48994967025E-02,0.999390827019));
#640 = ORIENTED_EDGE('',*,*,#641,.F.);
#641 = EDGE_CURVE('',#603,#634,#642,.T.);
#642 = LINE('',#643,#644);
#643 = CARTESIAN_POINT('',(113.48684210526,-0.261746225269,
    68.984831955252));
#644 = VECTOR('',#645,1.);
#645 = DIRECTION('',(3.287695417177E-02,-0.998850563156,
    3.488063027266E-02));
#646 = PLANE('',#647);
#647 = AXIS2_PLACEMENT_3D('',#648,#649,#650);
#648 = CARTESIAN_POINT('',(113.48684210526,-0.261746225269,
    68.984831955252));
#649 = DIRECTION('',(-0.999459406822,-3.285692641959E-02,
    1.147389153706E-03));
#650 = DIRECTION('',(-3.287695417177E-02,0.998850563156,
    -3.488063027266E-02));
#651 = ADVANCED_FACE('',(#652),#677,.F.);
#652 = FACE_BOUND('',#653,.T.);
#653 = EDGE_LOOP('',(#654,#655,#663,#671));
#654 = ORIENTED_EDGE('',*,*,#633,.T.);
#655 = ORIENTED_EDGE('',*,*,#656,.T.);
#656 = EDGE_CURVE('',#626,#657,#659,.T.);
#657 = VERTEX_POINT('',#658);
#658 = CARTESIAN_POINT('',(-4.934210526316,-749.281374039,
    110.15031688741));
#659 = LINE('',#660,#661);
#660 = CARTESIAN_POINT('',(138.15789473684,-749.281374039,
    110.15031688741));
#661 = VECTOR('',#662,1.);
#662 = DIRECTION('',(-1.,-0.,0.));
#663 = ORIENTED_EDGE('',*,*,#664,.F.);
#664 = EDGE_CURVE('',#665,#657,#667,.T.);
#665 = VERTEX_POINT('',#666);
#666 = CARTESIAN_POINT('',(-4.934210526316,-749.8048664895,
    95.159454482127));
#667 = LINE('',#668,#669);
#668 = CARTESIAN_POINT('',(-4.934210526316,-749.8048664895,
    95.159454482127));
#669 = VECTOR('',#670,1.);
#670 = DIRECTION('',(0.,3.48994967025E-02,0.999390827019));
#671 = ORIENTED_EDGE('',*,*,#672,.F.);
#672 = EDGE_CURVE('',#634,#665,#673,.T.);
#673 = LINE('',#674,#675);
#674 = CARTESIAN_POINT('',(138.15789473684,-749.8048664895,
    95.159454482127));
#675 = VECTOR('',#676,1.);
#676 = DIRECTION('',(-1.,-0.,0.));
#677 = PLANE('',#678);
#678 = AXIS2_PLACEMENT_3D('',#679,#680,#681);
#679 = CARTESIAN_POINT('',(138.15789473684,-749.8048664895,
    95.159454482127));
#680 = DIRECTION('',(0.,0.999390827019,-3.48994967025E-02));
#681 = DIRECTION('',(1.,0.,0.));
#682 = ADVANCED_FACE('',(#683),#699,.F.);
#683 = FACE_BOUND('',#684,.T.);
#684 = EDGE_LOOP('',(#685,#686,#692,#693));
#685 = ORIENTED_EDGE('',*,*,#664,.T.);
#686 = ORIENTED_EDGE('',*,*,#687,.T.);
#687 = EDGE_CURVE('',#657,#587,#688,.T.);
#688 = LINE('',#689,#690);
#689 = CARTESIAN_POINT('',(-4.934210526316,-749.281374039,
    110.15031688741));
#690 = VECTOR('',#691,1.);
#691 = DIRECTION('',(-0.20601048105,0.977953678897,-3.415089499438E-02)
  );
#692 = ORIENTED_EDGE('',*,*,#584,.F.);
#693 = ORIENTED_EDGE('',*,*,#694,.F.);
#694 = EDGE_CURVE('',#665,#585,#695,.T.);
#695 = LINE('',#696,#697);
#696 = CARTESIAN_POINT('',(-4.934210526316,-749.8048664895,
    95.159454482127));
#697 = VECTOR('',#698,1.);
#698 = DIRECTION('',(-0.20601048105,0.977953678897,-3.415089499438E-02)
  );
#699 = PLANE('',#700);
#700 = AXIS2_PLACEMENT_3D('',#701,#702,#703);
#701 = CARTESIAN_POINT('',(-4.934210526316,-749.8048664895,
    95.159454482127));
#702 = DIRECTION('',(0.978549784987,0.205884985031,-7.18966210408E-03));
#703 = DIRECTION('',(0.20601048105,-0.977953678897,3.415089499438E-02));
#704 = ADVANCED_FACE('',(#705),#711,.F.);
#705 = FACE_BOUND('',#706,.T.);
#706 = EDGE_LOOP('',(#707,#708,#709,#710));
#707 = ORIENTED_EDGE('',*,*,#610,.T.);
#708 = ORIENTED_EDGE('',*,*,#641,.T.);
#709 = ORIENTED_EDGE('',*,*,#672,.T.);
#710 = ORIENTED_EDGE('',*,*,#694,.T.);
#711 = PLANE('',#712);
#712 = AXIS2_PLACEMENT_3D('',#713,#714,#715);
#713 = CARTESIAN_POINT('',(16.96173342456,-349.2472001064,81.17167254621
    ));
#714 = DIRECTION('',(0.,3.48994967025E-02,0.999390827019));
#715 = DIRECTION('',(-1.,0.,0.));
#716 = ADVANCED_FACE('',(#717),#723,.T.);
#717 = FACE_BOUND('',#718,.F.);
#718 = EDGE_LOOP('',(#719,#720,#721,#722));
#719 = ORIENTED_EDGE('',*,*,#594,.T.);
#720 = ORIENTED_EDGE('',*,*,#625,.T.);
#721 = ORIENTED_EDGE('',*,*,#656,.T.);
#722 = ORIENTED_EDGE('',*,*,#687,.T.);
#723 = PLANE('',#724);
#724 = AXIS2_PLACEMENT_3D('',#725,#726,#727);
#725 = CARTESIAN_POINT('',(16.96173342456,-348.7237076559,
    96.162534951497));
#726 = DIRECTION('',(0.,3.48994967025E-02,0.999390827019));
#727 = DIRECTION('',(-1.,0.,0.));
#728 = MANIFOLD_SOLID_BREP('',#729);
#729 = CLOSED_SHELL('',(#730,#770,#801,#832,#854,#866));
#730 = ADVANCED_FACE('',(#731),#765,.F.);
#731 = FACE_BOUND('',#732,.F.);
#732 = EDGE_LOOP('',(#733,#743,#751,#759));
#733 = ORIENTED_EDGE('',*,*,#734,.T.);
#734 = EDGE_CURVE('',#735,#737,#739,.T.);
#735 = VERTEX_POINT('',#736);
#736 = CARTESIAN_POINT('',(560.,0.,13.75));
#737 = VERTEX_POINT('',#738);
#738 = CARTESIAN_POINT('',(560.,0.,23.75));
#739 = LINE('',#740,#741);
#740 = CARTESIAN_POINT('',(560.,0.,13.75));
#741 = VECTOR('',#742,1.);
#742 = DIRECTION('',(0.,0.,1.));
#743 = ORIENTED_EDGE('',*,*,#744,.T.);
#744 = EDGE_CURVE('',#737,#745,#747,.T.);
#745 = VERTEX_POINT('',#746);
#746 = CARTESIAN_POINT('',(727.76315789473,0.,23.75));
#747 = LINE('',#748,#749);
#748 = CARTESIAN_POINT('',(560.,0.,23.75));
#749 = VECTOR('',#750,1.);
#750 = DIRECTION('',(1.,0.,0.));
#751 = ORIENTED_EDGE('',*,*,#752,.F.);
#752 = EDGE_CURVE('',#753,#745,#755,.T.);
#753 = VERTEX_POINT('',#754);
#754 = CARTESIAN_POINT('',(727.76315789473,0.,13.75));
#755 = LINE('',#756,#757);
#756 = CARTESIAN_POINT('',(727.76315789473,0.,13.75));
#757 = VECTOR('',#758,1.);
#758 = DIRECTION('',(0.,0.,1.));
#759 = ORIENTED_EDGE('',*,*,#760,.F.);
#760 = EDGE_CURVE('',#735,#753,#761,.T.);
#761 = LINE('',#762,#763);
#762 = CARTESIAN_POINT('',(560.,0.,13.75));
#763 = VECTOR('',#764,1.);
#764 = DIRECTION('',(1.,0.,0.));
#765 = PLANE('',#766);
#766 = AXIS2_PLACEMENT_3D('',#767,#768,#769);
#767 = CARTESIAN_POINT('',(560.,0.,13.75));
#768 = DIRECTION('',(0.,1.,0.));
#769 = DIRECTION('',(1.,0.,0.));
#770 = ADVANCED_FACE('',(#771),#796,.F.);
#771 = FACE_BOUND('',#772,.F.);
#772 = EDGE_LOOP('',(#773,#774,#782,#790));
#773 = ORIENTED_EDGE('',*,*,#752,.T.);
#774 = ORIENTED_EDGE('',*,*,#775,.T.);
#775 = EDGE_CURVE('',#745,#776,#778,.T.);
#776 = VERTEX_POINT('',#777);
#777 = CARTESIAN_POINT('',(727.76315789473,246.71052631578,23.75));
#778 = LINE('',#779,#780);
#779 = CARTESIAN_POINT('',(727.76315789473,0.,23.75));
#780 = VECTOR('',#781,1.);
#781 = DIRECTION('',(0.,1.,0.));
#782 = ORIENTED_EDGE('',*,*,#783,.F.);
#783 = EDGE_CURVE('',#784,#776,#786,.T.);
#784 = VERTEX_POINT('',#785);
#785 = CARTESIAN_POINT('',(727.76315789473,246.71052631578,13.75));
#786 = LINE('',#787,#788);
#787 = CARTESIAN_POINT('',(727.76315789473,246.71052631578,13.75));
#788 = VECTOR('',#789,1.);
#789 = DIRECTION('',(0.,0.,1.));
#790 = ORIENTED_EDGE('',*,*,#791,.F.);
#791 = EDGE_CURVE('',#753,#784,#792,.T.);
#792 = LINE('',#793,#794);
#793 = CARTESIAN_POINT('',(727.76315789473,0.,13.75));
#794 = VECTOR('',#795,1.);
#795 = DIRECTION('',(0.,1.,0.));
#796 = PLANE('',#797);
#797 = AXIS2_PLACEMENT_3D('',#798,#799,#800);
#798 = CARTESIAN_POINT('',(727.76315789473,0.,13.75));
#799 = DIRECTION('',(-1.,0.,0.));
#800 = DIRECTION('',(0.,1.,0.));
#801 = ADVANCED_FACE('',(#802),#827,.F.);
#802 = FACE_BOUND('',#803,.F.);
#803 = EDGE_LOOP('',(#804,#805,#813,#821));
#804 = ORIENTED_EDGE('',*,*,#783,.T.);
#805 = ORIENTED_EDGE('',*,*,#806,.T.);
#806 = EDGE_CURVE('',#776,#807,#809,.T.);
#807 = VERTEX_POINT('',#808);
#808 = CARTESIAN_POINT('',(619.21052631578,246.71052631578,23.75));
#809 = LINE('',#810,#811);
#810 = CARTESIAN_POINT('',(727.76315789473,246.71052631578,23.75));
#811 = VECTOR('',#812,1.);
#812 = DIRECTION('',(-1.,0.,0.));
#813 = ORIENTED_EDGE('',*,*,#814,.F.);
#814 = EDGE_CURVE('',#815,#807,#817,.T.);
#815 = VERTEX_POINT('',#816);
#816 = CARTESIAN_POINT('',(619.21052631578,246.71052631578,13.75));
#817 = LINE('',#818,#819);
#818 = CARTESIAN_POINT('',(619.21052631578,246.71052631578,13.75));
#819 = VECTOR('',#820,1.);
#820 = DIRECTION('',(0.,0.,1.));
#821 = ORIENTED_EDGE('',*,*,#822,.F.);
#822 = EDGE_CURVE('',#784,#815,#823,.T.);
#823 = LINE('',#824,#825);
#824 = CARTESIAN_POINT('',(727.76315789473,246.71052631578,13.75));
#825 = VECTOR('',#826,1.);
#826 = DIRECTION('',(-1.,0.,0.));
#827 = PLANE('',#828);
#828 = AXIS2_PLACEMENT_3D('',#829,#830,#831);
#829 = CARTESIAN_POINT('',(727.76315789473,246.71052631578,13.75));
#830 = DIRECTION('',(0.,-1.,0.));
#831 = DIRECTION('',(-1.,0.,0.));
#832 = ADVANCED_FACE('',(#833),#849,.F.);
#833 = FACE_BOUND('',#834,.F.);
#834 = EDGE_LOOP('',(#835,#836,#842,#843));
#835 = ORIENTED_EDGE('',*,*,#814,.T.);
#836 = ORIENTED_EDGE('',*,*,#837,.T.);
#837 = EDGE_CURVE('',#807,#737,#838,.T.);
#838 = LINE('',#839,#840);
#839 = CARTESIAN_POINT('',(619.21052631578,246.71052631578,23.75));
#840 = VECTOR('',#841,1.);
#841 = DIRECTION('',(-0.233372952475,-0.972387301981,0.));
#842 = ORIENTED_EDGE('',*,*,#734,.F.);
#843 = ORIENTED_EDGE('',*,*,#844,.F.);
#844 = EDGE_CURVE('',#815,#735,#845,.T.);
#845 = LINE('',#846,#847);
#846 = CARTESIAN_POINT('',(619.21052631578,246.71052631578,13.75));
#847 = VECTOR('',#848,1.);
#848 = DIRECTION('',(-0.233372952475,-0.972387301981,0.));
#849 = PLANE('',#850);
#850 = AXIS2_PLACEMENT_3D('',#851,#852,#853);
#851 = CARTESIAN_POINT('',(619.21052631578,246.71052631578,13.75));
#852 = DIRECTION('',(0.972387301981,-0.233372952475,0.));
#853 = DIRECTION('',(-0.233372952475,-0.972387301981,0.));
#854 = ADVANCED_FACE('',(#855),#861,.F.);
#855 = FACE_BOUND('',#856,.F.);
#856 = EDGE_LOOP('',(#857,#858,#859,#860));
#857 = ORIENTED_EDGE('',*,*,#760,.T.);
#858 = ORIENTED_EDGE('',*,*,#791,.T.);
#859 = ORIENTED_EDGE('',*,*,#822,.T.);
#860 = ORIENTED_EDGE('',*,*,#844,.T.);
#861 = PLANE('',#862);
#862 = AXIS2_PLACEMENT_3D('',#863,#864,#865);
#863 = CARTESIAN_POINT('',(656.93276250567,113.95198112608,13.75));
#864 = DIRECTION('',(0.,0.,1.));
#865 = DIRECTION('',(1.,0.,0.));
#866 = ADVANCED_FACE('',(#867),#873,.T.);
#867 = FACE_BOUND('',#868,.T.);
#868 = EDGE_LOOP('',(#869,#870,#871,#872));
#869 = ORIENTED_EDGE('',*,*,#744,.T.);
#870 = ORIENTED_EDGE('',*,*,#775,.T.);
#871 = ORIENTED_EDGE('',*,*,#806,.T.);
#872 = ORIENTED_EDGE('',*,*,#837,.T.);
#873 = PLANE('',#874);
#874 = AXIS2_PLACEMENT_3D('',#875,#876,#877);
#875 = CARTESIAN_POINT('',(656.93276250567,113.95198112608,23.75));
#876 = DIRECTION('',(0.,0.,1.));
#877 = DIRECTION('',(1.,0.,0.));
#878 = MANIFOLD_SOLID_BREP('',#879);
#879 = CLOSED_SHELL('',(#880,#920,#951,#982,#1004,#1016));
#880 = ADVANCED_FACE('',(#881),#915,.F.);
#881 = FACE_BOUND('',#882,.T.);
#882 = EDGE_LOOP('',(#883,#893,#901,#909));
#883 = ORIENTED_EDGE('',*,*,#884,.T.);
#884 = EDGE_CURVE('',#885,#887,#889,.T.);
#885 = VERTEX_POINT('',#886);
#886 = CARTESIAN_POINT('',(560.,0.,13.75));
#887 = VERTEX_POINT('',#888);
#888 = CARTESIAN_POINT('',(560.,0.,23.75));
#889 = LINE('',#890,#891);
#890 = CARTESIAN_POINT('',(560.,0.,13.75));
#891 = VECTOR('',#892,1.);
#892 = DIRECTION('',(0.,0.,1.));
#893 = ORIENTED_EDGE('',*,*,#894,.T.);
#894 = EDGE_CURVE('',#887,#895,#897,.T.);
#895 = VERTEX_POINT('',#896);
#896 = CARTESIAN_POINT('',(727.76315789473,0.,23.75));
#897 = LINE('',#898,#899);
#898 = CARTESIAN_POINT('',(560.,0.,23.75));
#899 = VECTOR('',#900,1.);
#900 = DIRECTION('',(1.,0.,0.));
#901 = ORIENTED_EDGE('',*,*,#902,.F.);
#902 = EDGE_CURVE('',#903,#895,#905,.T.);
#903 = VERTEX_POINT('',#904);
#904 = CARTESIAN_POINT('',(727.76315789473,0.,13.75));
#905 = LINE('',#906,#907);
#906 = CARTESIAN_POINT('',(727.76315789473,0.,13.75));
#907 = VECTOR('',#908,1.);
#908 = DIRECTION('',(0.,0.,1.));
#909 = ORIENTED_EDGE('',*,*,#910,.F.);
#910 = EDGE_CURVE('',#885,#903,#911,.T.);
#911 = LINE('',#912,#913);
#912 = CARTESIAN_POINT('',(560.,0.,13.75));
#913 = VECTOR('',#914,1.);
#914 = DIRECTION('',(1.,0.,0.));
#915 = PLANE('',#916);
#916 = AXIS2_PLACEMENT_3D('',#917,#918,#919);
#917 = CARTESIAN_POINT('',(560.,0.,13.75));
#918 = DIRECTION('',(-0.,-1.,-0.));
#919 = DIRECTION('',(-1.,0.,0.));
#920 = ADVANCED_FACE('',(#921),#946,.F.);
#921 = FACE_BOUND('',#922,.T.);
#922 = EDGE_LOOP('',(#923,#924,#932,#940));
#923 = ORIENTED_EDGE('',*,*,#902,.T.);
#924 = ORIENTED_EDGE('',*,*,#925,.T.);
#925 = EDGE_CURVE('',#895,#926,#928,.T.);
#926 = VERTEX_POINT('',#927);
#927 = CARTESIAN_POINT('',(727.76315789473,-246.7105263157,23.75));
#928 = LINE('',#929,#930);
#929 = CARTESIAN_POINT('',(727.76315789473,0.,23.75));
#930 = VECTOR('',#931,1.);
#931 = DIRECTION('',(-0.,-1.,-0.));
#932 = ORIENTED_EDGE('',*,*,#933,.F.);
#933 = EDGE_CURVE('',#934,#926,#936,.T.);
#934 = VERTEX_POINT('',#935);
#935 = CARTESIAN_POINT('',(727.76315789473,-246.7105263157,13.75));
#936 = LINE('',#937,#938);
#937 = CARTESIAN_POINT('',(727.76315789473,-246.7105263157,13.75));
#938 = VECTOR('',#939,1.);
#939 = DIRECTION('',(0.,0.,1.));
#940 = ORIENTED_EDGE('',*,*,#941,.F.);
#941 = EDGE_CURVE('',#903,#934,#942,.T.);
#942 = LINE('',#943,#944);
#943 = CARTESIAN_POINT('',(727.76315789473,0.,13.75));
#944 = VECTOR('',#945,1.);
#945 = DIRECTION('',(-0.,-1.,-0.));
#946 = PLANE('',#947);
#947 = AXIS2_PLACEMENT_3D('',#948,#949,#950);
#948 = CARTESIAN_POINT('',(727.76315789473,0.,13.75));
#949 = DIRECTION('',(-1.,-0.,-0.));
#950 = DIRECTION('',(0.,1.,0.));
#951 = ADVANCED_FACE('',(#952),#977,.F.);
#952 = FACE_BOUND('',#953,.T.);
#953 = EDGE_LOOP('',(#954,#955,#963,#971));
#954 = ORIENTED_EDGE('',*,*,#933,.T.);
#955 = ORIENTED_EDGE('',*,*,#956,.T.);
#956 = EDGE_CURVE('',#926,#957,#959,.T.);
#957 = VERTEX_POINT('',#958);
#958 = CARTESIAN_POINT('',(619.21052631578,-246.7105263157,23.75));
#959 = LINE('',#960,#961);
#960 = CARTESIAN_POINT('',(727.76315789473,-246.7105263157,23.75));
#961 = VECTOR('',#962,1.);
#962 = DIRECTION('',(-1.,-0.,-0.));
#963 = ORIENTED_EDGE('',*,*,#964,.F.);
#964 = EDGE_CURVE('',#965,#957,#967,.T.);
#965 = VERTEX_POINT('',#966);
#966 = CARTESIAN_POINT('',(619.21052631578,-246.7105263157,13.75));
#967 = LINE('',#968,#969);
#968 = CARTESIAN_POINT('',(619.21052631578,-246.7105263157,13.75));
#969 = VECTOR('',#970,1.);
#970 = DIRECTION('',(0.,0.,1.));
#971 = ORIENTED_EDGE('',*,*,#972,.F.);
#972 = EDGE_CURVE('',#934,#965,#973,.T.);
#973 = LINE('',#974,#975);
#974 = CARTESIAN_POINT('',(727.76315789473,-246.7105263157,13.75));
#975 = VECTOR('',#976,1.);
#976 = DIRECTION('',(-1.,-0.,-0.));
#977 = PLANE('',#978);
#978 = AXIS2_PLACEMENT_3D('',#979,#980,#981);
#979 = CARTESIAN_POINT('',(727.76315789473,-246.7105263157,13.75));
#980 = DIRECTION('',(0.,1.,0.));
#981 = DIRECTION('',(1.,0.,0.));
#982 = ADVANCED_FACE('',(#983),#999,.F.);
#983 = FACE_BOUND('',#984,.T.);
#984 = EDGE_LOOP('',(#985,#986,#992,#993));
#985 = ORIENTED_EDGE('',*,*,#964,.T.);
#986 = ORIENTED_EDGE('',*,*,#987,.T.);
#987 = EDGE_CURVE('',#957,#887,#988,.T.);
#988 = LINE('',#989,#990);
#989 = CARTESIAN_POINT('',(619.21052631578,-246.7105263157,23.75));
#990 = VECTOR('',#991,1.);
#991 = DIRECTION('',(-0.233372952475,0.972387301981,0.));
#992 = ORIENTED_EDGE('',*,*,#884,.F.);
#993 = ORIENTED_EDGE('',*,*,#994,.F.);
#994 = EDGE_CURVE('',#965,#885,#995,.T.);
#995 = LINE('',#996,#997);
#996 = CARTESIAN_POINT('',(619.21052631578,-246.7105263157,13.75));
#997 = VECTOR('',#998,1.);
#998 = DIRECTION('',(-0.233372952475,0.972387301981,0.));
#999 = PLANE('',#1000);
#1000 = AXIS2_PLACEMENT_3D('',#1001,#1002,#1003);
#1001 = CARTESIAN_POINT('',(619.21052631578,-246.7105263157,13.75));
#1002 = DIRECTION('',(0.972387301981,0.233372952475,0.));
#1003 = DIRECTION('',(0.233372952475,-0.972387301981,0.));
#1004 = ADVANCED_FACE('',(#1005),#1011,.F.);
#1005 = FACE_BOUND('',#1006,.T.);
#1006 = EDGE_LOOP('',(#1007,#1008,#1009,#1010));
#1007 = ORIENTED_EDGE('',*,*,#910,.T.);
#1008 = ORIENTED_EDGE('',*,*,#941,.T.);
#1009 = ORIENTED_EDGE('',*,*,#972,.T.);
#1010 = ORIENTED_EDGE('',*,*,#994,.T.);
#1011 = PLANE('',#1012);
#1012 = AXIS2_PLACEMENT_3D('',#1013,#1014,#1015);
#1013 = CARTESIAN_POINT('',(656.93276250567,-113.951981126,13.75));
#1014 = DIRECTION('',(0.,0.,1.));
#1015 = DIRECTION('',(-1.,0.,0.));
#1016 = ADVANCED_FACE('',(#1017),#1023,.T.);
#1017 = FACE_BOUND('',#1018,.F.);
#1018 = EDGE_LOOP('',(#1019,#1020,#1021,#1022));
#1019 = ORIENTED_EDGE('',*,*,#894,.T.);
#1020 = ORIENTED_EDGE('',*,*,#925,.T.);
#1021 = ORIENTED_EDGE('',*,*,#956,.T.);
#1022 = ORIENTED_EDGE('',*,*,#987,.T.);
#1023 = PLANE('',#1024);
#1024 = AXIS2_PLACEMENT_3D('',#1025,#1026,#1027);
#1025 = CARTESIAN_POINT('',(656.93276250567,-113.951981126,23.75));
#1026 = DIRECTION('',(0.,0.,1.));
#1027 = DIRECTION('',(-1.,0.,0.));
#1028 = MANIFOLD_SOLID_BREP('',#1029);
#1029 = CLOSED_SHELL('',(#1030,#1070,#1101,#1132,#1154,#1166));
#1030 = ADVANCED_FACE('',(#1031),#1065,.F.);
#1031 = FACE_BOUND('',#1032,.F.);
#1032 = EDGE_LOOP('',(#1033,#1043,#1051,#1059));
#1033 = ORIENTED_EDGE('',*,*,#1034,.T.);
#1034 = EDGE_CURVE('',#1035,#1037,#1039,.T.);
#1035 = VERTEX_POINT('',#1036);
#1036 = CARTESIAN_POINT('',(560.,251.21052631578,18.75));
#1037 = VERTEX_POINT('',#1038);
#1038 = CARTESIAN_POINT('',(560.,242.21052631578,18.75));
#1039 = LINE('',#1040,#1041);
#1040 = CARTESIAN_POINT('',(560.,251.21052631578,18.75));
#1041 = VECTOR('',#1042,1.);
#1042 = DIRECTION('',(0.,-1.,2.22044604925E-16));
#1043 = ORIENTED_EDGE('',*,*,#1044,.T.);
#1044 = EDGE_CURVE('',#1037,#1045,#1047,.T.);
#1045 = VERTEX_POINT('',#1046);
#1046 = CARTESIAN_POINT('',(698.2,242.21052631578,18.75));
#1047 = LINE('',#1048,#1049);
#1048 = CARTESIAN_POINT('',(560.,242.21052631578,18.75));
#1049 = VECTOR('',#1050,1.);
#1050 = DIRECTION('',(1.,0.,0.));
#1051 = ORIENTED_EDGE('',*,*,#1052,.F.);
#1052 = EDGE_CURVE('',#1053,#1045,#1055,.T.);
#1053 = VERTEX_POINT('',#1054);
#1054 = CARTESIAN_POINT('',(698.2,251.21052631578,18.75));
#1055 = LINE('',#1056,#1057);
#1056 = CARTESIAN_POINT('',(698.2,251.21052631578,18.75));
#1057 = VECTOR('',#1058,1.);
#1058 = DIRECTION('',(0.,-1.,2.22044604925E-16));
#1059 = ORIENTED_EDGE('',*,*,#1060,.F.);
#1060 = EDGE_CURVE('',#1035,#1053,#1061,.T.);
#1061 = LINE('',#1062,#1063);
#1062 = CARTESIAN_POINT('',(560.,251.21052631578,18.75));
#1063 = VECTOR('',#1064,1.);
#1064 = DIRECTION('',(1.,0.,0.));
#1065 = PLANE('',#1066);
#1066 = AXIS2_PLACEMENT_3D('',#1067,#1068,#1069);
#1067 = CARTESIAN_POINT('',(560.,251.21052631578,18.75));
#1068 = DIRECTION('',(0.,2.22044604925E-16,1.));
#1069 = DIRECTION('',(1.,0.,0.));
#1070 = ADVANCED_FACE('',(#1071),#1096,.F.);
#1071 = FACE_BOUND('',#1072,.F.);
#1072 = EDGE_LOOP('',(#1073,#1074,#1082,#1090));
#1073 = ORIENTED_EDGE('',*,*,#1052,.T.);
#1074 = ORIENTED_EDGE('',*,*,#1075,.T.);
#1075 = EDGE_CURVE('',#1045,#1076,#1078,.T.);
#1076 = VERTEX_POINT('',#1077);
#1077 = CARTESIAN_POINT('',(660.,242.21052631578,108.75));
#1078 = LINE('',#1079,#1080);
#1079 = CARTESIAN_POINT('',(698.2,242.21052631578,18.75));
#1080 = VECTOR('',#1081,1.);
#1081 = DIRECTION('',(-0.390707439016,2.043953692249E-16,0.920514908677)
  );
#1082 = ORIENTED_EDGE('',*,*,#1083,.F.);
#1083 = EDGE_CURVE('',#1084,#1076,#1086,.T.);
#1084 = VERTEX_POINT('',#1085);
#1085 = CARTESIAN_POINT('',(660.,251.21052631578,108.75));
#1086 = LINE('',#1087,#1088);
#1087 = CARTESIAN_POINT('',(660.,251.21052631578,108.75));
#1088 = VECTOR('',#1089,1.);
#1089 = DIRECTION('',(0.,-1.,2.22044604925E-16));
#1090 = ORIENTED_EDGE('',*,*,#1091,.F.);
#1091 = EDGE_CURVE('',#1053,#1084,#1092,.T.);
#1092 = LINE('',#1093,#1094);
#1093 = CARTESIAN_POINT('',(698.2,251.21052631578,18.75));
#1094 = VECTOR('',#1095,1.);
#1095 = DIRECTION('',(-0.390707439016,2.043953692249E-16,0.920514908677)
  );
#1096 = PLANE('',#1097);
#1097 = AXIS2_PLACEMENT_3D('',#1098,#1099,#1100);
#1098 = CARTESIAN_POINT('',(698.2,251.21052631578,18.75));
#1099 = DIRECTION('',(-0.920514908677,-8.675447893766E-17,
    -0.390707439016));
#1100 = DIRECTION('',(-0.390707439016,2.043953692249E-16,0.920514908677)
  );
#1101 = ADVANCED_FACE('',(#1102),#1127,.F.);
#1102 = FACE_BOUND('',#1103,.F.);
#1103 = EDGE_LOOP('',(#1104,#1105,#1113,#1121));
#1104 = ORIENTED_EDGE('',*,*,#1083,.T.);
#1105 = ORIENTED_EDGE('',*,*,#1106,.T.);
#1106 = EDGE_CURVE('',#1076,#1107,#1109,.T.);
#1107 = VERTEX_POINT('',#1108);
#1108 = CARTESIAN_POINT('',(600.,242.21052631578,108.75));
#1109 = LINE('',#1110,#1111);
#1110 = CARTESIAN_POINT('',(660.,242.21052631578,108.75));
#1111 = VECTOR('',#1112,1.);
#1112 = DIRECTION('',(-1.,0.,0.));
#1113 = ORIENTED_EDGE('',*,*,#1114,.F.);
#1114 = EDGE_CURVE('',#1115,#1107,#1117,.T.);
#1115 = VERTEX_POINT('',#1116);
#1116 = CARTESIAN_POINT('',(600.,251.21052631578,108.75));
#1117 = LINE('',#1118,#1119);
#1118 = CARTESIAN_POINT('',(600.,251.21052631578,108.75));
#1119 = VECTOR('',#1120,1.);
#1120 = DIRECTION('',(0.,-1.,2.22044604925E-16));
#1121 = ORIENTED_EDGE('',*,*,#1122,.F.);
#1122 = EDGE_CURVE('',#1084,#1115,#1123,.T.);
#1123 = LINE('',#1124,#1125);
#1124 = CARTESIAN_POINT('',(660.,251.21052631578,108.75));
#1125 = VECTOR('',#1126,1.);
#1126 = DIRECTION('',(-1.,0.,0.));
#1127 = PLANE('',#1128);
#1128 = AXIS2_PLACEMENT_3D('',#1129,#1130,#1131);
#1129 = CARTESIAN_POINT('',(660.,251.21052631578,108.75));
#1130 = DIRECTION('',(0.,-2.22044604925E-16,-1.));
#1131 = DIRECTION('',(-1.,0.,0.));
#1132 = ADVANCED_FACE('',(#1133),#1149,.F.);
#1133 = FACE_BOUND('',#1134,.F.);
#1134 = EDGE_LOOP('',(#1135,#1136,#1142,#1143));
#1135 = ORIENTED_EDGE('',*,*,#1114,.T.);
#1136 = ORIENTED_EDGE('',*,*,#1137,.T.);
#1137 = EDGE_CURVE('',#1107,#1037,#1138,.T.);
#1138 = LINE('',#1139,#1140);
#1139 = CARTESIAN_POINT('',(600.,242.21052631578,108.75));
#1140 = VECTOR('',#1141,1.);
#1141 = DIRECTION('',(-0.406138466053,-2.029069242893E-16,-0.91381154862
    ));
#1142 = ORIENTED_EDGE('',*,*,#1034,.F.);
#1143 = ORIENTED_EDGE('',*,*,#1144,.F.);
#1144 = EDGE_CURVE('',#1115,#1035,#1145,.T.);
#1145 = LINE('',#1146,#1147);
#1146 = CARTESIAN_POINT('',(600.,251.21052631578,108.75));
#1147 = VECTOR('',#1148,1.);
#1148 = DIRECTION('',(-0.406138466053,-2.029069242893E-16,-0.91381154862
    ));
#1149 = PLANE('',#1150);
#1150 = AXIS2_PLACEMENT_3D('',#1151,#1152,#1153);
#1151 = CARTESIAN_POINT('',(600.,251.21052631578,108.75));
#1152 = DIRECTION('',(0.91381154862,-9.01808552397E-17,-0.406138466053)
  );
#1153 = DIRECTION('',(-0.406138466053,-2.029069242893E-16,-0.91381154862
    ));
#1154 = ADVANCED_FACE('',(#1155),#1161,.F.);
#1155 = FACE_BOUND('',#1156,.F.);
#1156 = EDGE_LOOP('',(#1157,#1158,#1159,#1160));
#1157 = ORIENTED_EDGE('',*,*,#1060,.T.);
#1158 = ORIENTED_EDGE('',*,*,#1091,.T.);
#1159 = ORIENTED_EDGE('',*,*,#1122,.T.);
#1160 = ORIENTED_EDGE('',*,*,#1144,.T.);
#1161 = PLANE('',#1162);
#1162 = AXIS2_PLACEMENT_3D('',#1163,#1164,#1165);
#1163 = CARTESIAN_POINT('',(629.37069698335,251.21052631578,
    54.828942098432));
#1164 = DIRECTION('',(0.,-1.,2.22044604925E-16));
#1165 = DIRECTION('',(1.,0.,0.));
#1166 = ADVANCED_FACE('',(#1167),#1173,.T.);
#1167 = FACE_BOUND('',#1168,.T.);
#1168 = EDGE_LOOP('',(#1169,#1170,#1171,#1172));
#1169 = ORIENTED_EDGE('',*,*,#1044,.T.);
#1170 = ORIENTED_EDGE('',*,*,#1075,.T.);
#1171 = ORIENTED_EDGE('',*,*,#1106,.T.);
#1172 = ORIENTED_EDGE('',*,*,#1137,.T.);
#1173 = PLANE('',#1174);
#1174 = AXIS2_PLACEMENT_3D('',#1175,#1176,#1177);
#1175 = CARTESIAN_POINT('',(629.37069698335,242.21052631578,
    54.828942098432));
#1176 = DIRECTION('',(0.,-1.,2.22044604925E-16));
#1177 = DIRECTION('',(1.,0.,0.));
#1178 = MANIFOLD_SOLID_BREP('',#1179);
#1179 = CLOSED_SHELL('',(#1180,#1220,#1251,#1282,#1304,#1316));
#1180 = ADVANCED_FACE('',(#1181),#1215,.F.);
#1181 = FACE_BOUND('',#1182,.T.);
#1182 = EDGE_LOOP('',(#1183,#1193,#1201,#1209));
#1183 = ORIENTED_EDGE('',*,*,#1184,.T.);
#1184 = EDGE_CURVE('',#1185,#1187,#1189,.T.);
#1185 = VERTEX_POINT('',#1186);
#1186 = CARTESIAN_POINT('',(560.,-251.2105263157,18.75));
#1187 = VERTEX_POINT('',#1188);
#1188 = CARTESIAN_POINT('',(560.,-242.2105263157,18.75));
#1189 = LINE('',#1190,#1191);
#1190 = CARTESIAN_POINT('',(560.,-251.2105263157,18.75));
#1191 = VECTOR('',#1192,1.);
#1192 = DIRECTION('',(0.,1.,0.));
#1193 = ORIENTED_EDGE('',*,*,#1194,.T.);
#1194 = EDGE_CURVE('',#1187,#1195,#1197,.T.);
#1195 = VERTEX_POINT('',#1196);
#1196 = CARTESIAN_POINT('',(698.2,-242.2105263157,18.75));
#1197 = LINE('',#1198,#1199);
#1198 = CARTESIAN_POINT('',(560.,-242.2105263157,18.75));
#1199 = VECTOR('',#1200,1.);
#1200 = DIRECTION('',(1.,0.,0.));
#1201 = ORIENTED_EDGE('',*,*,#1202,.F.);
#1202 = EDGE_CURVE('',#1203,#1195,#1205,.T.);
#1203 = VERTEX_POINT('',#1204);
#1204 = CARTESIAN_POINT('',(698.2,-251.2105263157,18.75));
#1205 = LINE('',#1206,#1207);
#1206 = CARTESIAN_POINT('',(698.2,-251.2105263157,18.75));
#1207 = VECTOR('',#1208,1.);
#1208 = DIRECTION('',(0.,1.,0.));
#1209 = ORIENTED_EDGE('',*,*,#1210,.F.);
#1210 = EDGE_CURVE('',#1185,#1203,#1211,.T.);
#1211 = LINE('',#1212,#1213);
#1212 = CARTESIAN_POINT('',(560.,-251.2105263157,18.75));
#1213 = VECTOR('',#1214,1.);
#1214 = DIRECTION('',(1.,0.,0.));
#1215 = PLANE('',#1216);
#1216 = AXIS2_PLACEMENT_3D('',#1217,#1218,#1219);
#1217 = CARTESIAN_POINT('',(560.,-251.2105263157,18.75));
#1218 = DIRECTION('',(0.,0.,1.));
#1219 = DIRECTION('',(-1.,0.,0.));
#1220 = ADVANCED_FACE('',(#1221),#1246,.F.);
#1221 = FACE_BOUND('',#1222,.T.);
#1222 = EDGE_LOOP('',(#1223,#1224,#1232,#1240));
#1223 = ORIENTED_EDGE('',*,*,#1202,.T.);
#1224 = ORIENTED_EDGE('',*,*,#1225,.T.);
#1225 = EDGE_CURVE('',#1195,#1226,#1228,.T.);
#1226 = VERTEX_POINT('',#1227);
#1227 = CARTESIAN_POINT('',(660.,-242.2105263157,108.75));
#1228 = LINE('',#1229,#1230);
#1229 = CARTESIAN_POINT('',(698.2,-242.2105263157,18.75));
#1230 = VECTOR('',#1231,1.);
#1231 = DIRECTION('',(-0.390707439016,0.,0.920514908677));
#1232 = ORIENTED_EDGE('',*,*,#1233,.F.);
#1233 = EDGE_CURVE('',#1234,#1226,#1236,.T.);
#1234 = VERTEX_POINT('',#1235);
#1235 = CARTESIAN_POINT('',(660.,-251.2105263157,108.75));
#1236 = LINE('',#1237,#1238);
#1237 = CARTESIAN_POINT('',(660.,-251.2105263157,108.75));
#1238 = VECTOR('',#1239,1.);
#1239 = DIRECTION('',(0.,1.,0.));
#1240 = ORIENTED_EDGE('',*,*,#1241,.F.);
#1241 = EDGE_CURVE('',#1203,#1234,#1242,.T.);
#1242 = LINE('',#1243,#1244);
#1243 = CARTESIAN_POINT('',(698.2,-251.2105263157,18.75));
#1244 = VECTOR('',#1245,1.);
#1245 = DIRECTION('',(-0.390707439016,0.,0.920514908677));
#1246 = PLANE('',#1247);
#1247 = AXIS2_PLACEMENT_3D('',#1248,#1249,#1250);
#1248 = CARTESIAN_POINT('',(698.2,-251.2105263157,18.75));
#1249 = DIRECTION('',(-0.920514908677,0.,-0.390707439016));
#1250 = DIRECTION('',(0.390707439016,0.,-0.920514908677));
#1251 = ADVANCED_FACE('',(#1252),#1277,.F.);
#1252 = FACE_BOUND('',#1253,.T.);
#1253 = EDGE_LOOP('',(#1254,#1255,#1263,#1271));
#1254 = ORIENTED_EDGE('',*,*,#1233,.T.);
#1255 = ORIENTED_EDGE('',*,*,#1256,.T.);
#1256 = EDGE_CURVE('',#1226,#1257,#1259,.T.);
#1257 = VERTEX_POINT('',#1258);
#1258 = CARTESIAN_POINT('',(600.,-242.2105263157,108.75));
#1259 = LINE('',#1260,#1261);
#1260 = CARTESIAN_POINT('',(660.,-242.2105263157,108.75));
#1261 = VECTOR('',#1262,1.);
#1262 = DIRECTION('',(-1.,0.,0.));
#1263 = ORIENTED_EDGE('',*,*,#1264,.F.);
#1264 = EDGE_CURVE('',#1265,#1257,#1267,.T.);
#1265 = VERTEX_POINT('',#1266);
#1266 = CARTESIAN_POINT('',(600.,-251.2105263157,108.75));
#1267 = LINE('',#1268,#1269);
#1268 = CARTESIAN_POINT('',(600.,-251.2105263157,108.75));
#1269 = VECTOR('',#1270,1.);
#1270 = DIRECTION('',(0.,1.,0.));
#1271 = ORIENTED_EDGE('',*,*,#1272,.F.);
#1272 = EDGE_CURVE('',#1234,#1265,#1273,.T.);
#1273 = LINE('',#1274,#1275);
#1274 = CARTESIAN_POINT('',(660.,-251.2105263157,108.75));
#1275 = VECTOR('',#1276,1.);
#1276 = DIRECTION('',(-1.,0.,0.));
#1277 = PLANE('',#1278);
#1278 = AXIS2_PLACEMENT_3D('',#1279,#1280,#1281);
#1279 = CARTESIAN_POINT('',(660.,-251.2105263157,108.75));
#1280 = DIRECTION('',(-0.,0.,-1.));
#1281 = DIRECTION('',(1.,0.,0.));
#1282 = ADVANCED_FACE('',(#1283),#1299,.F.);
#1283 = FACE_BOUND('',#1284,.T.);
#1284 = EDGE_LOOP('',(#1285,#1286,#1292,#1293));
#1285 = ORIENTED_EDGE('',*,*,#1264,.T.);
#1286 = ORIENTED_EDGE('',*,*,#1287,.T.);
#1287 = EDGE_CURVE('',#1257,#1187,#1288,.T.);
#1288 = LINE('',#1289,#1290);
#1289 = CARTESIAN_POINT('',(600.,-242.2105263157,108.75));
#1290 = VECTOR('',#1291,1.);
#1291 = DIRECTION('',(-0.406138466053,0.,-0.91381154862));
#1292 = ORIENTED_EDGE('',*,*,#1184,.F.);
#1293 = ORIENTED_EDGE('',*,*,#1294,.F.);
#1294 = EDGE_CURVE('',#1265,#1185,#1295,.T.);
#1295 = LINE('',#1296,#1297);
#1296 = CARTESIAN_POINT('',(600.,-251.2105263157,108.75));
#1297 = VECTOR('',#1298,1.);
#1298 = DIRECTION('',(-0.406138466053,0.,-0.91381154862));
#1299 = PLANE('',#1300);
#1300 = AXIS2_PLACEMENT_3D('',#1301,#1302,#1303);
#1301 = CARTESIAN_POINT('',(600.,-251.2105263157,108.75));
#1302 = DIRECTION('',(0.91381154862,0.,-0.406138466053));
#1303 = DIRECTION('',(0.406138466053,0.,0.91381154862));
#1304 = ADVANCED_FACE('',(#1305),#1311,.F.);
#1305 = FACE_BOUND('',#1306,.T.);
#1306 = EDGE_LOOP('',(#1307,#1308,#1309,#1310));
#1307 = ORIENTED_EDGE('',*,*,#1210,.T.);
#1308 = ORIENTED_EDGE('',*,*,#1241,.T.);
#1309 = ORIENTED_EDGE('',*,*,#1272,.T.);
#1310 = ORIENTED_EDGE('',*,*,#1294,.T.);
#1311 = PLANE('',#1312);
#1312 = AXIS2_PLACEMENT_3D('',#1313,#1314,#1315);
#1313 = CARTESIAN_POINT('',(629.37069698335,-251.2105263157,
    54.828942098432));
#1314 = DIRECTION('',(0.,1.,0.));
#1315 = DIRECTION('',(-1.,0.,0.));
#1316 = ADVANCED_FACE('',(#1317),#1323,.T.);
#1317 = FACE_BOUND('',#1318,.F.);
#1318 = EDGE_LOOP('',(#1319,#1320,#1321,#1322));
#1319 = ORIENTED_EDGE('',*,*,#1194,.T.);
#1320 = ORIENTED_EDGE('',*,*,#1225,.T.);
#1321 = ORIENTED_EDGE('',*,*,#1256,.T.);
#1322 = ORIENTED_EDGE('',*,*,#1287,.T.);
#1323 = PLANE('',#1324);
#1324 = AXIS2_PLACEMENT_3D('',#1325,#1326,#1327);
#1325 = CARTESIAN_POINT('',(629.37069698335,-242.2105263157,
    54.828942098432));
#1326 = DIRECTION('',(0.,1.,0.));
#1327 = DIRECTION('',(-1.,0.,0.));
#1328 = MANIFOLD_SOLID_BREP('',#1329);
#1329 = CLOSED_SHELL('',(#1330,#1370,#1401,#1432,#1454,#1466));
#1330 = ADVANCED_FACE('',(#1331),#1365,.T.);
#1331 = FACE_BOUND('',#1332,.T.);
#1332 = EDGE_LOOP('',(#1333,#1343,#1351,#1359));
#1333 = ORIENTED_EDGE('',*,*,#1334,.T.);
#1334 = EDGE_CURVE('',#1335,#1337,#1339,.T.);
#1335 = VERTEX_POINT('',#1336);
#1336 = CARTESIAN_POINT('',(560.,251.21052631578,18.75));
#1337 = VERTEX_POINT('',#1338);
#1338 = CARTESIAN_POINT('',(560.,242.21052631578,18.75));
#1339 = LINE('',#1340,#1341);
#1340 = CARTESIAN_POINT('',(560.,251.21052631578,18.75));
#1341 = VECTOR('',#1342,1.);
#1342 = DIRECTION('',(0.,-1.,2.22044604925E-16));
#1343 = ORIENTED_EDGE('',*,*,#1344,.T.);
#1344 = EDGE_CURVE('',#1337,#1345,#1347,.T.);
#1345 = VERTEX_POINT('',#1346);
#1346 = CARTESIAN_POINT('',(698.2,242.21052631578,18.75));
#1347 = LINE('',#1348,#1349);
#1348 = CARTESIAN_POINT('',(560.,242.21052631578,18.75));
#1349 = VECTOR('',#1350,1.);
#1350 = DIRECTION('',(1.,0.,0.));
#1351 = ORIENTED_EDGE('',*,*,#1352,.F.);
#1352 = EDGE_CURVE('',#1353,#1345,#1355,.T.);
#1353 = VERTEX_POINT('',#1354);
#1354 = CARTESIAN_POINT('',(698.2,251.21052631578,18.75));
#1355 = LINE('',#1356,#1357);
#1356 = CARTESIAN_POINT('',(698.2,251.21052631578,18.75));
#1357 = VECTOR('',#1358,1.);
#1358 = DIRECTION('',(0.,-1.,2.22044604925E-16));
#1359 = ORIENTED_EDGE('',*,*,#1360,.F.);
#1360 = EDGE_CURVE('',#1335,#1353,#1361,.T.);
#1361 = LINE('',#1362,#1363);
#1362 = CARTESIAN_POINT('',(560.,251.21052631578,18.75));
#1363 = VECTOR('',#1364,1.);
#1364 = DIRECTION('',(1.,0.,0.));
#1365 = PLANE('',#1366);
#1366 = AXIS2_PLACEMENT_3D('',#1367,#1368,#1369);
#1367 = CARTESIAN_POINT('',(560.,251.21052631578,18.75));
#1368 = DIRECTION('',(0.,2.22044604925E-16,1.));
#1369 = DIRECTION('',(1.,0.,0.));
#1370 = ADVANCED_FACE('',(#1371),#1396,.T.);
#1371 = FACE_BOUND('',#1372,.T.);
#1372 = EDGE_LOOP('',(#1373,#1374,#1382,#1390));
#1373 = ORIENTED_EDGE('',*,*,#1352,.T.);
#1374 = ORIENTED_EDGE('',*,*,#1375,.T.);
#1375 = EDGE_CURVE('',#1345,#1376,#1378,.T.);
#1376 = VERTEX_POINT('',#1377);
#1377 = CARTESIAN_POINT('',(626.66666666666,242.21052631578,-41.25));
#1378 = LINE('',#1379,#1380);
#1379 = CARTESIAN_POINT('',(698.2,242.21052631578,18.75));
#1380 = VECTOR('',#1381,1.);
#1381 = DIRECTION('',(-0.766168860748,-1.426945906725E-16,
    -0.642639305381));
#1382 = ORIENTED_EDGE('',*,*,#1383,.F.);
#1383 = EDGE_CURVE('',#1384,#1376,#1386,.T.);
#1384 = VERTEX_POINT('',#1385);
#1385 = CARTESIAN_POINT('',(626.66666666666,251.21052631578,-41.25));
#1386 = LINE('',#1387,#1388);
#1387 = CARTESIAN_POINT('',(626.66666666666,251.21052631578,-41.25));
#1388 = VECTOR('',#1389,1.);
#1389 = DIRECTION('',(0.,-1.,2.22044604925E-16));
#1390 = ORIENTED_EDGE('',*,*,#1391,.F.);
#1391 = EDGE_CURVE('',#1353,#1384,#1392,.T.);
#1392 = LINE('',#1393,#1394);
#1393 = CARTESIAN_POINT('',(698.2,251.21052631578,18.75));
#1394 = VECTOR('',#1395,1.);
#1395 = DIRECTION('',(-0.766168860748,-1.426945906725E-16,
    -0.642639305381));
#1396 = PLANE('',#1397);
#1397 = AXIS2_PLACEMENT_3D('',#1398,#1399,#1400);
#1398 = CARTESIAN_POINT('',(698.2,251.21052631578,18.75));
#1399 = DIRECTION('',(0.642639305381,-1.701236619907E-16,-0.766168860748
    ));
#1400 = DIRECTION('',(-0.766168860748,-1.426945906725E-16,
    -0.642639305381));
#1401 = ADVANCED_FACE('',(#1402),#1427,.T.);
#1402 = FACE_BOUND('',#1403,.T.);
#1403 = EDGE_LOOP('',(#1404,#1405,#1413,#1421));
#1404 = ORIENTED_EDGE('',*,*,#1383,.T.);
#1405 = ORIENTED_EDGE('',*,*,#1406,.T.);
#1406 = EDGE_CURVE('',#1376,#1407,#1409,.T.);
#1407 = VERTEX_POINT('',#1408);
#1408 = CARTESIAN_POINT('',(586.66666666666,242.21052631578,-41.25));
#1409 = LINE('',#1410,#1411);
#1410 = CARTESIAN_POINT('',(626.66666666666,242.21052631578,-41.25));
#1411 = VECTOR('',#1412,1.);
#1412 = DIRECTION('',(-1.,0.,0.));
#1413 = ORIENTED_EDGE('',*,*,#1414,.F.);
#1414 = EDGE_CURVE('',#1415,#1407,#1417,.T.);
#1415 = VERTEX_POINT('',#1416);
#1416 = CARTESIAN_POINT('',(586.66666666666,251.21052631578,-41.25));
#1417 = LINE('',#1418,#1419);
#1418 = CARTESIAN_POINT('',(586.66666666666,251.21052631578,-41.25));
#1419 = VECTOR('',#1420,1.);
#1420 = DIRECTION('',(0.,-1.,2.22044604925E-16));
#1421 = ORIENTED_EDGE('',*,*,#1422,.F.);
#1422 = EDGE_CURVE('',#1384,#1415,#1423,.T.);
#1423 = LINE('',#1424,#1425);
#1424 = CARTESIAN_POINT('',(626.66666666666,251.21052631578,-41.25));
#1425 = VECTOR('',#1426,1.);
#1426 = DIRECTION('',(-1.,0.,0.));
#1427 = PLANE('',#1428);
#1428 = AXIS2_PLACEMENT_3D('',#1429,#1430,#1431);
#1429 = CARTESIAN_POINT('',(626.66666666666,251.21052631578,-41.25));
#1430 = DIRECTION('',(0.,-2.22044604925E-16,-1.));
#1431 = DIRECTION('',(-1.,0.,0.));
#1432 = ADVANCED_FACE('',(#1433),#1449,.T.);
#1433 = FACE_BOUND('',#1434,.T.);
#1434 = EDGE_LOOP('',(#1435,#1436,#1442,#1443));
#1435 = ORIENTED_EDGE('',*,*,#1414,.T.);
#1436 = ORIENTED_EDGE('',*,*,#1437,.T.);
#1437 = EDGE_CURVE('',#1407,#1337,#1438,.T.);
#1438 = LINE('',#1439,#1440);
#1439 = CARTESIAN_POINT('',(586.66666666666,242.21052631578,-41.25));
#1440 = VECTOR('',#1441,1.);
#1441 = DIRECTION('',(-0.406138466053,2.029069242893E-16,0.91381154862)
  );
#1442 = ORIENTED_EDGE('',*,*,#1334,.F.);
#1443 = ORIENTED_EDGE('',*,*,#1444,.F.);
#1444 = EDGE_CURVE('',#1415,#1335,#1445,.T.);
#1445 = LINE('',#1446,#1447);
#1446 = CARTESIAN_POINT('',(586.66666666666,251.21052631578,-41.25));
#1447 = VECTOR('',#1448,1.);
#1448 = DIRECTION('',(-0.406138466053,2.029069242893E-16,0.91381154862)
  );
#1449 = PLANE('',#1450);
#1450 = AXIS2_PLACEMENT_3D('',#1451,#1452,#1453);
#1451 = CARTESIAN_POINT('',(586.66666666666,251.21052631578,-41.25));
#1452 = DIRECTION('',(-0.91381154862,-9.01808552397E-17,-0.406138466053)
  );
#1453 = DIRECTION('',(-0.406138466053,2.029069242893E-16,0.91381154862)
  );
#1454 = ADVANCED_FACE('',(#1455),#1461,.T.);
#1455 = FACE_BOUND('',#1456,.T.);
#1456 = EDGE_LOOP('',(#1457,#1458,#1459,#1460));
#1457 = ORIENTED_EDGE('',*,*,#1360,.T.);
#1458 = ORIENTED_EDGE('',*,*,#1391,.T.);
#1459 = ORIENTED_EDGE('',*,*,#1422,.T.);
#1460 = ORIENTED_EDGE('',*,*,#1444,.T.);
#1461 = PLANE('',#1462);
#1462 = AXIS2_PLACEMENT_3D('',#1463,#1464,#1465);
#1463 = CARTESIAN_POINT('',(624.80981303742,251.21052631578,
    -2.513967569134));
#1464 = DIRECTION('',(-0.,1.,-2.22044604925E-16));
#1465 = DIRECTION('',(-1.,0.,0.));
#1466 = ADVANCED_FACE('',(#1467),#1473,.F.);
#1467 = FACE_BOUND('',#1468,.F.);
#1468 = EDGE_LOOP('',(#1469,#1470,#1471,#1472));
#1469 = ORIENTED_EDGE('',*,*,#1344,.T.);
#1470 = ORIENTED_EDGE('',*,*,#1375,.T.);
#1471 = ORIENTED_EDGE('',*,*,#1406,.T.);
#1472 = ORIENTED_EDGE('',*,*,#1437,.T.);
#1473 = PLANE('',#1474);
#1474 = AXIS2_PLACEMENT_3D('',#1475,#1476,#1477);
#1475 = CARTESIAN_POINT('',(624.80981303742,242.21052631578,
    -2.513967569134));
#1476 = DIRECTION('',(-0.,1.,-2.22044604925E-16));
#1477 = DIRECTION('',(-1.,0.,0.));
#1478 = MANIFOLD_SOLID_BREP('',#1479);
#1479 = CLOSED_SHELL('',(#1480,#1520,#1551,#1582,#1604,#1616));
#1480 = ADVANCED_FACE('',(#1481),#1515,.T.);
#1481 = FACE_BOUND('',#1482,.F.);
#1482 = EDGE_LOOP('',(#1483,#1493,#1501,#1509));
#1483 = ORIENTED_EDGE('',*,*,#1484,.T.);
#1484 = EDGE_CURVE('',#1485,#1487,#1489,.T.);
#1485 = VERTEX_POINT('',#1486);
#1486 = CARTESIAN_POINT('',(560.,-251.2105263157,18.75));
#1487 = VERTEX_POINT('',#1488);
#1488 = CARTESIAN_POINT('',(560.,-242.2105263157,18.75));
#1489 = LINE('',#1490,#1491);
#1490 = CARTESIAN_POINT('',(560.,-251.2105263157,18.75));
#1491 = VECTOR('',#1492,1.);
#1492 = DIRECTION('',(0.,1.,0.));
#1493 = ORIENTED_EDGE('',*,*,#1494,.T.);
#1494 = EDGE_CURVE('',#1487,#1495,#1497,.T.);
#1495 = VERTEX_POINT('',#1496);
#1496 = CARTESIAN_POINT('',(698.2,-242.2105263157,18.75));
#1497 = LINE('',#1498,#1499);
#1498 = CARTESIAN_POINT('',(560.,-242.2105263157,18.75));
#1499 = VECTOR('',#1500,1.);
#1500 = DIRECTION('',(1.,0.,0.));
#1501 = ORIENTED_EDGE('',*,*,#1502,.F.);
#1502 = EDGE_CURVE('',#1503,#1495,#1505,.T.);
#1503 = VERTEX_POINT('',#1504);
#1504 = CARTESIAN_POINT('',(698.2,-251.2105263157,18.75));
#1505 = LINE('',#1506,#1507);
#1506 = CARTESIAN_POINT('',(698.2,-251.2105263157,18.75));
#1507 = VECTOR('',#1508,1.);
#1508 = DIRECTION('',(0.,1.,0.));
#1509 = ORIENTED_EDGE('',*,*,#1510,.F.);
#1510 = EDGE_CURVE('',#1485,#1503,#1511,.T.);
#1511 = LINE('',#1512,#1513);
#1512 = CARTESIAN_POINT('',(560.,-251.2105263157,18.75));
#1513 = VECTOR('',#1514,1.);
#1514 = DIRECTION('',(1.,0.,0.));
#1515 = PLANE('',#1516);
#1516 = AXIS2_PLACEMENT_3D('',#1517,#1518,#1519);
#1517 = CARTESIAN_POINT('',(560.,-251.2105263157,18.75));
#1518 = DIRECTION('',(0.,0.,1.));
#1519 = DIRECTION('',(-1.,0.,0.));
#1520 = ADVANCED_FACE('',(#1521),#1546,.T.);
#1521 = FACE_BOUND('',#1522,.F.);
#1522 = EDGE_LOOP('',(#1523,#1524,#1532,#1540));
#1523 = ORIENTED_EDGE('',*,*,#1502,.T.);
#1524 = ORIENTED_EDGE('',*,*,#1525,.T.);
#1525 = EDGE_CURVE('',#1495,#1526,#1528,.T.);
#1526 = VERTEX_POINT('',#1527);
#1527 = CARTESIAN_POINT('',(626.66666666666,-242.2105263157,-41.25));
#1528 = LINE('',#1529,#1530);
#1529 = CARTESIAN_POINT('',(698.2,-242.2105263157,18.75));
#1530 = VECTOR('',#1531,1.);
#1531 = DIRECTION('',(-0.766168860748,0.,-0.642639305381));
#1532 = ORIENTED_EDGE('',*,*,#1533,.F.);
#1533 = EDGE_CURVE('',#1534,#1526,#1536,.T.);
#1534 = VERTEX_POINT('',#1535);
#1535 = CARTESIAN_POINT('',(626.66666666666,-251.2105263157,-41.25));
#1536 = LINE('',#1537,#1538);
#1537 = CARTESIAN_POINT('',(626.66666666666,-251.2105263157,-41.25));
#1538 = VECTOR('',#1539,1.);
#1539 = DIRECTION('',(0.,1.,0.));
#1540 = ORIENTED_EDGE('',*,*,#1541,.F.);
#1541 = EDGE_CURVE('',#1503,#1534,#1542,.T.);
#1542 = LINE('',#1543,#1544);
#1543 = CARTESIAN_POINT('',(698.2,-251.2105263157,18.75));
#1544 = VECTOR('',#1545,1.);
#1545 = DIRECTION('',(-0.766168860748,0.,-0.642639305381));
#1546 = PLANE('',#1547);
#1547 = AXIS2_PLACEMENT_3D('',#1548,#1549,#1550);
#1548 = CARTESIAN_POINT('',(698.2,-251.2105263157,18.75));
#1549 = DIRECTION('',(0.642639305381,0.,-0.766168860748));
#1550 = DIRECTION('',(0.766168860748,0.,0.642639305381));
#1551 = ADVANCED_FACE('',(#1552),#1577,.T.);
#1552 = FACE_BOUND('',#1553,.F.);
#1553 = EDGE_LOOP('',(#1554,#1555,#1563,#1571));
#1554 = ORIENTED_EDGE('',*,*,#1533,.T.);
#1555 = ORIENTED_EDGE('',*,*,#1556,.T.);
#1556 = EDGE_CURVE('',#1526,#1557,#1559,.T.);
#1557 = VERTEX_POINT('',#1558);
#1558 = CARTESIAN_POINT('',(586.66666666666,-242.2105263157,-41.25));
#1559 = LINE('',#1560,#1561);
#1560 = CARTESIAN_POINT('',(626.66666666666,-242.2105263157,-41.25));
#1561 = VECTOR('',#1562,1.);
#1562 = DIRECTION('',(-1.,0.,0.));
#1563 = ORIENTED_EDGE('',*,*,#1564,.F.);
#1564 = EDGE_CURVE('',#1565,#1557,#1567,.T.);
#1565 = VERTEX_POINT('',#1566);
#1566 = CARTESIAN_POINT('',(586.66666666666,-251.2105263157,-41.25));
#1567 = LINE('',#1568,#1569);
#1568 = CARTESIAN_POINT('',(586.66666666666,-251.2105263157,-41.25));
#1569 = VECTOR('',#1570,1.);
#1570 = DIRECTION('',(0.,1.,0.));
#1571 = ORIENTED_EDGE('',*,*,#1572,.F.);
#1572 = EDGE_CURVE('',#1534,#1565,#1573,.T.);
#1573 = LINE('',#1574,#1575);
#1574 = CARTESIAN_POINT('',(626.66666666666,-251.2105263157,-41.25));
#1575 = VECTOR('',#1576,1.);
#1576 = DIRECTION('',(-1.,0.,0.));
#1577 = PLANE('',#1578);
#1578 = AXIS2_PLACEMENT_3D('',#1579,#1580,#1581);
#1579 = CARTESIAN_POINT('',(626.66666666666,-251.2105263157,-41.25));
#1580 = DIRECTION('',(-0.,0.,-1.));
#1581 = DIRECTION('',(1.,0.,0.));
#1582 = ADVANCED_FACE('',(#1583),#1599,.T.);
#1583 = FACE_BOUND('',#1584,.F.);
#1584 = EDGE_LOOP('',(#1585,#1586,#1592,#1593));
#1585 = ORIENTED_EDGE('',*,*,#1564,.T.);
#1586 = ORIENTED_EDGE('',*,*,#1587,.T.);
#1587 = EDGE_CURVE('',#1557,#1487,#1588,.T.);
#1588 = LINE('',#1589,#1590);
#1589 = CARTESIAN_POINT('',(586.66666666666,-242.2105263157,-41.25));
#1590 = VECTOR('',#1591,1.);
#1591 = DIRECTION('',(-0.406138466053,0.,0.91381154862));
#1592 = ORIENTED_EDGE('',*,*,#1484,.F.);
#1593 = ORIENTED_EDGE('',*,*,#1594,.F.);
#1594 = EDGE_CURVE('',#1565,#1485,#1595,.T.);
#1595 = LINE('',#1596,#1597);
#1596 = CARTESIAN_POINT('',(586.66666666666,-251.2105263157,-41.25));
#1597 = VECTOR('',#1598,1.);
#1598 = DIRECTION('',(-0.406138466053,0.,0.91381154862));
#1599 = PLANE('',#1600);
#1600 = AXIS2_PLACEMENT_3D('',#1601,#1602,#1603);
#1601 = CARTESIAN_POINT('',(586.66666666666,-251.2105263157,-41.25));
#1602 = DIRECTION('',(-0.91381154862,0.,-0.406138466053));
#1603 = DIRECTION('',(0.406138466053,0.,-0.91381154862));
#1604 = ADVANCED_FACE('',(#1605),#1611,.T.);
#1605 = FACE_BOUND('',#1606,.F.);
#1606 = EDGE_LOOP('',(#1607,#1608,#1609,#1610));
#1607 = ORIENTED_EDGE('',*,*,#1510,.T.);
#1608 = ORIENTED_EDGE('',*,*,#1541,.T.);
#1609 = ORIENTED_EDGE('',*,*,#1572,.T.);
#1610 = ORIENTED_EDGE('',*,*,#1594,.T.);
#1611 = PLANE('',#1612);
#1612 = AXIS2_PLACEMENT_3D('',#1613,#1614,#1615);
#1613 = CARTESIAN_POINT('',(624.80981303742,-251.2105263157,
    -2.513967569134));
#1614 = DIRECTION('',(0.,-1.,0.));
#1615 = DIRECTION('',(1.,0.,0.));
#1616 = ADVANCED_FACE('',(#1617),#1623,.F.);
#1617 = FACE_BOUND('',#1618,.T.);
#1618 = EDGE_LOOP('',(#1619,#1620,#1621,#1622));
#1619 = ORIENTED_EDGE('',*,*,#1494,.T.);
#1620 = ORIENTED_EDGE('',*,*,#1525,.T.);
#1621 = ORIENTED_EDGE('',*,*,#1556,.T.);
#1622 = ORIENTED_EDGE('',*,*,#1587,.T.);
#1623 = PLANE('',#1624);
#1624 = AXIS2_PLACEMENT_3D('',#1625,#1626,#1627);
#1625 = CARTESIAN_POINT('',(624.80981303742,-242.2105263157,
    -2.513967569134));
#1626 = DIRECTION('',(0.,-1.,0.));
#1627 = DIRECTION('',(1.,0.,0.));
#1628 = MANIFOLD_SOLID_BREP('',#1629);
#1629 = CLOSED_SHELL('',(#1630,#1663,#1672));
#1630 = ADVANCED_FACE('',(#1631),#1658,.T.);
#1631 = FACE_BOUND('',#1632,.T.);
#1632 = EDGE_LOOP('',(#1633,#1642,#1650,#1657));
#1633 = ORIENTED_EDGE('',*,*,#1634,.F.);
#1634 = EDGE_CURVE('',#1635,#1635,#1637,.T.);
#1635 = VERTEX_POINT('',#1636);
#1636 = CARTESIAN_POINT('',(555.,217.10526315789,29.75));
#1637 = CIRCLE('',#1638,11.);
#1638 = AXIS2_PLACEMENT_3D('',#1639,#1640,#1641);
#1639 = CARTESIAN_POINT('',(555.,217.10526315789,18.75));
#1640 = DIRECTION('',(1.,0.,-0.));
#1641 = DIRECTION('',(0.,0.,1.));
#1642 = ORIENTED_EDGE('',*,*,#1643,.F.);
#1643 = EDGE_CURVE('',#1644,#1635,#1646,.T.);
#1644 = VERTEX_POINT('',#1645);
#1645 = CARTESIAN_POINT('',(-340.,217.10526315789,29.75));
#1646 = LINE('',#1647,#1648);
#1647 = CARTESIAN_POINT('',(-340.,217.10526315789,29.75));
#1648 = VECTOR('',#1649,1.);
#1649 = DIRECTION('',(1.,0.,0.));
#1650 = ORIENTED_EDGE('',*,*,#1651,.T.);
#1651 = EDGE_CURVE('',#1644,#1644,#1652,.T.);
#1652 = CIRCLE('',#1653,11.);
#1653 = AXIS2_PLACEMENT_3D('',#1654,#1655,#1656);
#1654 = CARTESIAN_POINT('',(-340.,217.10526315789,18.75));
#1655 = DIRECTION('',(1.,0.,-0.));
#1656 = DIRECTION('',(0.,0.,1.));
#1657 = ORIENTED_EDGE('',*,*,#1643,.T.);
#1658 = CYLINDRICAL_SURFACE('',#1659,11.);
#1659 = AXIS2_PLACEMENT_3D('',#1660,#1661,#1662);
#1660 = CARTESIAN_POINT('',(-340.,217.10526315789,18.75));
#1661 = DIRECTION('',(1.,0.,0.));
#1662 = DIRECTION('',(0.,0.,1.));
#1663 = ADVANCED_FACE('',(#1664),#1667,.T.);
#1664 = FACE_BOUND('',#1665,.T.);
#1665 = EDGE_LOOP('',(#1666));
#1666 = ORIENTED_EDGE('',*,*,#1634,.T.);
#1667 = PLANE('',#1668);
#1668 = AXIS2_PLACEMENT_3D('',#1669,#1670,#1671);
#1669 = CARTESIAN_POINT('',(555.,217.10526315789,18.75));
#1670 = DIRECTION('',(1.,0.,0.));
#1671 = DIRECTION('',(0.,0.,1.));
#1672 = ADVANCED_FACE('',(#1673),#1676,.F.);
#1673 = FACE_BOUND('',#1674,.T.);
#1674 = EDGE_LOOP('',(#1675));
#1675 = ORIENTED_EDGE('',*,*,#1651,.F.);
#1676 = PLANE('',#1677);
#1677 = AXIS2_PLACEMENT_3D('',#1678,#1679,#1680);
#1678 = CARTESIAN_POINT('',(-340.,217.10526315789,18.75));
#1679 = DIRECTION('',(1.,0.,0.));
#1680 = DIRECTION('',(0.,0.,1.));
#1681 = MANIFOLD_SOLID_BREP('',#1682);
#1682 = CLOSED_SHELL('',(#1683,#1716,#1725));
#1683 = ADVANCED_FACE('',(#1684),#1711,.T.);
#1684 = FACE_BOUND('',#1685,.T.);
#1685 = EDGE_LOOP('',(#1686,#1695,#1703,#1710));
#1686 = ORIENTED_EDGE('',*,*,#1687,.F.);
#1687 = EDGE_CURVE('',#1688,#1688,#1690,.T.);
#1688 = VERTEX_POINT('',#1689);
#1689 = CARTESIAN_POINT('',(555.,-217.1052631578,29.75));
#1690 = CIRCLE('',#1691,11.);
#1691 = AXIS2_PLACEMENT_3D('',#1692,#1693,#1694);
#1692 = CARTESIAN_POINT('',(555.,-217.1052631578,18.75));
#1693 = DIRECTION('',(1.,0.,-0.));
#1694 = DIRECTION('',(0.,0.,1.));
#1695 = ORIENTED_EDGE('',*,*,#1696,.F.);
#1696 = EDGE_CURVE('',#1697,#1688,#1699,.T.);
#1697 = VERTEX_POINT('',#1698);
#1698 = CARTESIAN_POINT('',(-340.,-217.1052631578,29.75));
#1699 = LINE('',#1700,#1701);
#1700 = CARTESIAN_POINT('',(-340.,-217.1052631578,29.75));
#1701 = VECTOR('',#1702,1.);
#1702 = DIRECTION('',(1.,0.,0.));
#1703 = ORIENTED_EDGE('',*,*,#1704,.T.);
#1704 = EDGE_CURVE('',#1697,#1697,#1705,.T.);
#1705 = CIRCLE('',#1706,11.);
#1706 = AXIS2_PLACEMENT_3D('',#1707,#1708,#1709);
#1707 = CARTESIAN_POINT('',(-340.,-217.1052631578,18.75));
#1708 = DIRECTION('',(1.,0.,-0.));
#1709 = DIRECTION('',(0.,0.,1.));
#1710 = ORIENTED_EDGE('',*,*,#1696,.T.);
#1711 = CYLINDRICAL_SURFACE('',#1712,11.);
#1712 = AXIS2_PLACEMENT_3D('',#1713,#1714,#1715);
#1713 = CARTESIAN_POINT('',(-340.,-217.1052631578,18.75));
#1714 = DIRECTION('',(1.,0.,0.));
#1715 = DIRECTION('',(0.,0.,1.));
#1716 = ADVANCED_FACE('',(#1717),#1720,.T.);
#1717 = FACE_BOUND('',#1718,.T.);
#1718 = EDGE_LOOP('',(#1719));
#1719 = ORIENTED_EDGE('',*,*,#1687,.T.);
#1720 = PLANE('',#1721);
#1721 = AXIS2_PLACEMENT_3D('',#1722,#1723,#1724);
#1722 = CARTESIAN_POINT('',(555.,-217.1052631578,18.75));
#1723 = DIRECTION('',(1.,0.,0.));
#1724 = DIRECTION('',(0.,0.,1.));
#1725 = ADVANCED_FACE('',(#1726),#1729,.F.);
#1726 = FACE_BOUND('',#1727,.T.);
#1727 = EDGE_LOOP('',(#1728));
#1728 = ORIENTED_EDGE('',*,*,#1704,.F.);
#1729 = PLANE('',#1730);
#1730 = AXIS2_PLACEMENT_3D('',#1731,#1732,#1733);
#1731 = CARTESIAN_POINT('',(-340.,-217.1052631578,18.75));
#1732 = DIRECTION('',(1.,0.,0.));
#1733 = DIRECTION('',(0.,0.,1.));
#1734 = MANIFOLD_SOLID_BREP('',#1735);
#1735 = CLOSED_SHELL('',(#1736,#1769,#1778));
#1736 = ADVANCED_FACE('',(#1737),#1764,.T.);
#1737 = FACE_BOUND('',#1738,.T.);
#1738 = EDGE_LOOP('',(#1739,#1748,#1756,#1763));
#1739 = ORIENTED_EDGE('',*,*,#1740,.F.);
#1740 = EDGE_CURVE('',#1741,#1741,#1743,.T.);
#1741 = VERTEX_POINT('',#1742);
#1742 = CARTESIAN_POINT('',(-87.88157894736,66.611842105263,
    -197.3684210526));
#1743 = CIRCLE('',#1744,4.);
#1744 = AXIS2_PLACEMENT_3D('',#1745,#1746,#1747);
#1745 = CARTESIAN_POINT('',(-83.88157894736,66.611842105263,
    -197.3684210526));
#1746 = DIRECTION('',(0.,0.,-1.));
#1747 = DIRECTION('',(-1.,0.,0.));
#1748 = ORIENTED_EDGE('',*,*,#1749,.F.);
#1749 = EDGE_CURVE('',#1750,#1741,#1752,.T.);
#1750 = VERTEX_POINT('',#1751);
#1751 = CARTESIAN_POINT('',(-87.88157894736,66.611842105263,
    -64.1447368421));
#1752 = LINE('',#1753,#1754);
#1753 = CARTESIAN_POINT('',(-87.88157894736,66.611842105263,
    -64.1447368421));
#1754 = VECTOR('',#1755,1.);
#1755 = DIRECTION('',(0.,0.,-1.));
#1756 = ORIENTED_EDGE('',*,*,#1757,.T.);
#1757 = EDGE_CURVE('',#1750,#1750,#1758,.T.);
#1758 = CIRCLE('',#1759,4.);
#1759 = AXIS2_PLACEMENT_3D('',#1760,#1761,#1762);
#1760 = CARTESIAN_POINT('',(-83.88157894736,66.611842105263,
    -64.1447368421));
#1761 = DIRECTION('',(0.,0.,-1.));
#1762 = DIRECTION('',(-1.,0.,0.));
#1763 = ORIENTED_EDGE('',*,*,#1749,.T.);
#1764 = CYLINDRICAL_SURFACE('',#1765,4.);
#1765 = AXIS2_PLACEMENT_3D('',#1766,#1767,#1768);
#1766 = CARTESIAN_POINT('',(-83.88157894736,66.611842105263,
    -64.1447368421));
#1767 = DIRECTION('',(0.,0.,-1.));
#1768 = DIRECTION('',(-1.,0.,0.));
#1769 = ADVANCED_FACE('',(#1770),#1773,.T.);
#1770 = FACE_BOUND('',#1771,.T.);
#1771 = EDGE_LOOP('',(#1772));
#1772 = ORIENTED_EDGE('',*,*,#1740,.T.);
#1773 = PLANE('',#1774);
#1774 = AXIS2_PLACEMENT_3D('',#1775,#1776,#1777);
#1775 = CARTESIAN_POINT('',(-83.88157894736,66.611842105263,
    -197.3684210526));
#1776 = DIRECTION('',(0.,0.,-1.));
#1777 = DIRECTION('',(-1.,0.,0.));
#1778 = ADVANCED_FACE('',(#1779),#1782,.F.);
#1779 = FACE_BOUND('',#1780,.T.);
#1780 = EDGE_LOOP('',(#1781));
#1781 = ORIENTED_EDGE('',*,*,#1757,.F.);
#1782 = PLANE('',#1783);
#1783 = AXIS2_PLACEMENT_3D('',#1784,#1785,#1786);
#1784 = CARTESIAN_POINT('',(-83.88157894736,66.611842105263,
    -64.1447368421));
#1785 = DIRECTION('',(0.,0.,-1.));
#1786 = DIRECTION('',(-1.,0.,0.));
#1787 = MANIFOLD_SOLID_BREP('',#1788);
#1788 = CLOSED_SHELL('',(#1789,#1822,#1831));
#1789 = ADVANCED_FACE('',(#1790),#1817,.T.);
#1790 = FACE_BOUND('',#1791,.T.);
#1791 = EDGE_LOOP('',(#1792,#1801,#1809,#1816));
#1792 = ORIENTED_EDGE('',*,*,#1793,.F.);
#1793 = EDGE_CURVE('',#1794,#1794,#1796,.T.);
#1794 = VERTEX_POINT('',#1795);
#1795 = CARTESIAN_POINT('',(196.,66.611842105263,-197.3684210526));
#1796 = CIRCLE('',#1797,4.);
#1797 = AXIS2_PLACEMENT_3D('',#1798,#1799,#1800);
#1798 = CARTESIAN_POINT('',(200.,66.611842105263,-197.3684210526));
#1799 = DIRECTION('',(0.,0.,-1.));
#1800 = DIRECTION('',(-1.,0.,0.));
#1801 = ORIENTED_EDGE('',*,*,#1802,.F.);
#1802 = EDGE_CURVE('',#1803,#1794,#1805,.T.);
#1803 = VERTEX_POINT('',#1804);
#1804 = CARTESIAN_POINT('',(196.,66.611842105263,-20.));
#1805 = LINE('',#1806,#1807);
#1806 = CARTESIAN_POINT('',(196.,66.611842105263,-20.));
#1807 = VECTOR('',#1808,1.);
#1808 = DIRECTION('',(0.,0.,-1.));
#1809 = ORIENTED_EDGE('',*,*,#1810,.T.);
#1810 = EDGE_CURVE('',#1803,#1803,#1811,.T.);
#1811 = CIRCLE('',#1812,4.);
#1812 = AXIS2_PLACEMENT_3D('',#1813,#1814,#1815);
#1813 = CARTESIAN_POINT('',(200.,66.611842105263,-20.));
#1814 = DIRECTION('',(0.,0.,-1.));
#1815 = DIRECTION('',(-1.,0.,0.));
#1816 = ORIENTED_EDGE('',*,*,#1802,.T.);
#1817 = CYLINDRICAL_SURFACE('',#1818,4.);
#1818 = AXIS2_PLACEMENT_3D('',#1819,#1820,#1821);
#1819 = CARTESIAN_POINT('',(200.,66.611842105263,-20.));
#1820 = DIRECTION('',(0.,0.,-1.));
#1821 = DIRECTION('',(-1.,0.,0.));
#1822 = ADVANCED_FACE('',(#1823),#1826,.T.);
#1823 = FACE_BOUND('',#1824,.T.);
#1824 = EDGE_LOOP('',(#1825));
#1825 = ORIENTED_EDGE('',*,*,#1793,.T.);
#1826 = PLANE('',#1827);
#1827 = AXIS2_PLACEMENT_3D('',#1828,#1829,#1830);
#1828 = CARTESIAN_POINT('',(200.,66.611842105263,-197.3684210526));
#1829 = DIRECTION('',(0.,0.,-1.));
#1830 = DIRECTION('',(-1.,0.,0.));
#1831 = ADVANCED_FACE('',(#1832),#1835,.F.);
#1832 = FACE_BOUND('',#1833,.T.);
#1833 = EDGE_LOOP('',(#1834));
#1834 = ORIENTED_EDGE('',*,*,#1810,.F.);
#1835 = PLANE('',#1836);
#1836 = AXIS2_PLACEMENT_3D('',#1837,#1838,#1839);
#1837 = CARTESIAN_POINT('',(200.,66.611842105263,-20.));
#1838 = DIRECTION('',(0.,0.,-1.));
#1839 = DIRECTION('',(-1.,0.,0.));
#1840 = MANIFOLD_SOLID_BREP('',#1841);
#1841 = CLOSED_SHELL('',(#1842,#1875,#1884));
#1842 = ADVANCED_FACE('',(#1843),#1870,.T.);
#1843 = FACE_BOUND('',#1844,.T.);
#1844 = EDGE_LOOP('',(#1845,#1854,#1862,#1869));
#1845 = ORIENTED_EDGE('',*,*,#1846,.F.);
#1846 = EDGE_CURVE('',#1847,#1847,#1849,.T.);
#1847 = VERTEX_POINT('',#1848);
#1848 = CARTESIAN_POINT('',(-87.88157894736,-66.61184210526,
    -197.3684210526));
#1849 = CIRCLE('',#1850,4.);
#1850 = AXIS2_PLACEMENT_3D('',#1851,#1852,#1853);
#1851 = CARTESIAN_POINT('',(-83.88157894736,-66.61184210526,
    -197.3684210526));
#1852 = DIRECTION('',(0.,0.,-1.));
#1853 = DIRECTION('',(-1.,0.,0.));
#1854 = ORIENTED_EDGE('',*,*,#1855,.F.);
#1855 = EDGE_CURVE('',#1856,#1847,#1858,.T.);
#1856 = VERTEX_POINT('',#1857);
#1857 = CARTESIAN_POINT('',(-87.88157894736,-66.61184210526,
    -64.1447368421));
#1858 = LINE('',#1859,#1860);
#1859 = CARTESIAN_POINT('',(-87.88157894736,-66.61184210526,
    -64.1447368421));
#1860 = VECTOR('',#1861,1.);
#1861 = DIRECTION('',(0.,0.,-1.));
#1862 = ORIENTED_EDGE('',*,*,#1863,.T.);
#1863 = EDGE_CURVE('',#1856,#1856,#1864,.T.);
#1864 = CIRCLE('',#1865,4.);
#1865 = AXIS2_PLACEMENT_3D('',#1866,#1867,#1868);
#1866 = CARTESIAN_POINT('',(-83.88157894736,-66.61184210526,
    -64.1447368421));
#1867 = DIRECTION('',(0.,0.,-1.));
#1868 = DIRECTION('',(-1.,0.,0.));
#1869 = ORIENTED_EDGE('',*,*,#1855,.T.);
#1870 = CYLINDRICAL_SURFACE('',#1871,4.);
#1871 = AXIS2_PLACEMENT_3D('',#1872,#1873,#1874);
#1872 = CARTESIAN_POINT('',(-83.88157894736,-66.61184210526,
    -64.1447368421));
#1873 = DIRECTION('',(0.,0.,-1.));
#1874 = DIRECTION('',(-1.,0.,0.));
#1875 = ADVANCED_FACE('',(#1876),#1879,.T.);
#1876 = FACE_BOUND('',#1877,.T.);
#1877 = EDGE_LOOP('',(#1878));
#1878 = ORIENTED_EDGE('',*,*,#1846,.T.);
#1879 = PLANE('',#1880);
#1880 = AXIS2_PLACEMENT_3D('',#1881,#1882,#1883);
#1881 = CARTESIAN_POINT('',(-83.88157894736,-66.61184210526,
    -197.3684210526));
#1882 = DIRECTION('',(0.,0.,-1.));
#1883 = DIRECTION('',(-1.,0.,0.));
#1884 = ADVANCED_FACE('',(#1885),#1888,.F.);
#1885 = FACE_BOUND('',#1886,.T.);
#1886 = EDGE_LOOP('',(#1887));
#1887 = ORIENTED_EDGE('',*,*,#1863,.F.);
#1888 = PLANE('',#1889);
#1889 = AXIS2_PLACEMENT_3D('',#1890,#1891,#1892);
#1890 = CARTESIAN_POINT('',(-83.88157894736,-66.61184210526,
    -64.1447368421));
#1891 = DIRECTION('',(0.,0.,-1.));
#1892 = DIRECTION('',(-1.,0.,0.));
#1893 = MANIFOLD_SOLID_BREP('',#1894);
#1894 = CLOSED_SHELL('',(#1895,#1928,#1937));
#1895 = ADVANCED_FACE('',(#1896),#1923,.T.);
#1896 = FACE_BOUND('',#1897,.T.);
#1897 = EDGE_LOOP('',(#1898,#1907,#1915,#1922));
#1898 = ORIENTED_EDGE('',*,*,#1899,.F.);
#1899 = EDGE_CURVE('',#1900,#1900,#1902,.T.);
#1900 = VERTEX_POINT('',#1901);
#1901 = CARTESIAN_POINT('',(196.,-66.61184210526,-197.3684210526));
#1902 = CIRCLE('',#1903,4.);
#1903 = AXIS2_PLACEMENT_3D('',#1904,#1905,#1906);
#1904 = CARTESIAN_POINT('',(200.,-66.61184210526,-197.3684210526));
#1905 = DIRECTION('',(0.,0.,-1.));
#1906 = DIRECTION('',(-1.,0.,0.));
#1907 = ORIENTED_EDGE('',*,*,#1908,.F.);
#1908 = EDGE_CURVE('',#1909,#1900,#1911,.T.);
#1909 = VERTEX_POINT('',#1910);
#1910 = CARTESIAN_POINT('',(196.,-66.61184210526,-20.));
#1911 = LINE('',#1912,#1913);
#1912 = CARTESIAN_POINT('',(196.,-66.61184210526,-20.));
#1913 = VECTOR('',#1914,1.);
#1914 = DIRECTION('',(0.,0.,-1.));
#1915 = ORIENTED_EDGE('',*,*,#1916,.T.);
#1916 = EDGE_CURVE('',#1909,#1909,#1917,.T.);
#1917 = CIRCLE('',#1918,4.);
#1918 = AXIS2_PLACEMENT_3D('',#1919,#1920,#1921);
#1919 = CARTESIAN_POINT('',(200.,-66.61184210526,-20.));
#1920 = DIRECTION('',(0.,0.,-1.));
#1921 = DIRECTION('',(-1.,0.,0.));
#1922 = ORIENTED_EDGE('',*,*,#1908,.T.);
#1923 = CYLINDRICAL_SURFACE('',#1924,4.);
#1924 = AXIS2_PLACEMENT_3D('',#1925,#1926,#1927);
#1925 = CARTESIAN_POINT('',(200.,-66.61184210526,-20.));
#1926 = DIRECTION('',(0.,0.,-1.));
#1927 = DIRECTION('',(-1.,0.,0.));
#1928 = ADVANCED_FACE('',(#1929),#1932,.T.);
#1929 = FACE_BOUND('',#1930,.T.);
#1930 = EDGE_LOOP('',(#1931));
#1931 = ORIENTED_EDGE('',*,*,#1899,.T.);
#1932 = PLANE('',#1933);
#1933 = AXIS2_PLACEMENT_3D('',#1934,#1935,#1936);
#1934 = CARTESIAN_POINT('',(200.,-66.61184210526,-197.3684210526));
#1935 = DIRECTION('',(0.,0.,-1.));
#1936 = DIRECTION('',(-1.,0.,0.));
#1937 = ADVANCED_FACE('',(#1938),#1941,.F.);
#1938 = FACE_BOUND('',#1939,.T.);
#1939 = EDGE_LOOP('',(#1940));
#1940 = ORIENTED_EDGE('',*,*,#1916,.F.);
#1941 = PLANE('',#1942);
#1942 = AXIS2_PLACEMENT_3D('',#1943,#1944,#1945);
#1943 = CARTESIAN_POINT('',(200.,-66.61184210526,-20.));
#1944 = DIRECTION('',(0.,0.,-1.));
#1945 = DIRECTION('',(-1.,0.,0.));
#1946 = MANIFOLD_SOLID_BREP('',#1947);
#1947 = CLOSED_SHELL('',(#1948,#1981,#1990));
#1948 = ADVANCED_FACE('',(#1949),#1976,.T.);
#1949 = FACE_BOUND('',#1950,.T.);
#1950 = EDGE_LOOP('',(#1951,#1960,#1968,#1975));
#1951 = ORIENTED_EDGE('',*,*,#1952,.F.);
#1952 = EDGE_CURVE('',#1953,#1953,#1955,.T.);
#1953 = VERTEX_POINT('',#1954);
#1954 = CARTESIAN_POINT('',(-308.7,217.10526315789,-15.78947368421));
#1955 = CIRCLE('',#1956,6.);
#1956 = AXIS2_PLACEMENT_3D('',#1957,#1958,#1959);
#1957 = CARTESIAN_POINT('',(-302.7,217.10526315789,-15.78947368421));
#1958 = DIRECTION('',(0.,0.,-1.));
#1959 = DIRECTION('',(-1.,0.,0.));
#1960 = ORIENTED_EDGE('',*,*,#1961,.F.);
#1961 = EDGE_CURVE('',#1962,#1953,#1964,.T.);
#1962 = VERTEX_POINT('',#1963);
#1963 = CARTESIAN_POINT('',(-308.7,217.10526315789,18.75));
#1964 = LINE('',#1965,#1966);
#1965 = CARTESIAN_POINT('',(-308.7,217.10526315789,18.75));
#1966 = VECTOR('',#1967,1.);
#1967 = DIRECTION('',(0.,0.,-1.));
#1968 = ORIENTED_EDGE('',*,*,#1969,.T.);
#1969 = EDGE_CURVE('',#1962,#1962,#1970,.T.);
#1970 = CIRCLE('',#1971,6.);
#1971 = AXIS2_PLACEMENT_3D('',#1972,#1973,#1974);
#1972 = CARTESIAN_POINT('',(-302.7,217.10526315789,18.75));
#1973 = DIRECTION('',(0.,0.,-1.));
#1974 = DIRECTION('',(-1.,0.,0.));
#1975 = ORIENTED_EDGE('',*,*,#1961,.T.);
#1976 = CYLINDRICAL_SURFACE('',#1977,6.);
#1977 = AXIS2_PLACEMENT_3D('',#1978,#1979,#1980);
#1978 = CARTESIAN_POINT('',(-302.7,217.10526315789,18.75));
#1979 = DIRECTION('',(0.,0.,-1.));
#1980 = DIRECTION('',(-1.,0.,0.));
#1981 = ADVANCED_FACE('',(#1982),#1985,.T.);
#1982 = FACE_BOUND('',#1983,.T.);
#1983 = EDGE_LOOP('',(#1984));
#1984 = ORIENTED_EDGE('',*,*,#1952,.T.);
#1985 = PLANE('',#1986);
#1986 = AXIS2_PLACEMENT_3D('',#1987,#1988,#1989);
#1987 = CARTESIAN_POINT('',(-302.7,217.10526315789,-15.78947368421));
#1988 = DIRECTION('',(0.,0.,-1.));
#1989 = DIRECTION('',(-1.,0.,0.));
#1990 = ADVANCED_FACE('',(#1991),#1994,.F.);
#1991 = FACE_BOUND('',#1992,.T.);
#1992 = EDGE_LOOP('',(#1993));
#1993 = ORIENTED_EDGE('',*,*,#1969,.F.);
#1994 = PLANE('',#1995);
#1995 = AXIS2_PLACEMENT_3D('',#1996,#1997,#1998);
#1996 = CARTESIAN_POINT('',(-302.7,217.10526315789,18.75));
#1997 = DIRECTION('',(0.,0.,-1.));
#1998 = DIRECTION('',(-1.,0.,0.));
#1999 = MANIFOLD_SOLID_BREP('',#2000);
#2000 = CLOSED_SHELL('',(#2001));
#2001 = ADVANCED_FACE('',(#2002),#2006,.T.);
#2002 = FACE_BOUND('',#2003,.T.);
#2003 = VERTEX_LOOP('',#2004);
#2004 = VERTEX_POINT('',#2005);
#2005 = CARTESIAN_POINT('',(-258.2921052631,217.10526315789,
    -15.78947368421));
#2006 = ( BOUNDED_SURFACE() B_SPLINE_SURFACE(14,4,(
    (#2007,#2008,#2009,#2010,#2011)
    ,(#2012,#2013,#2014,#2015,#2016)
    ,(#2017,#2018,#2019,#2020,#2021)
    ,(#2022,#2023,#2024,#2025,#2026)
    ,(#2027,#2028,#2029,#2030,#2031)
    ,(#2032,#2033,#2034,#2035,#2036)
    ,(#2037,#2038,#2039,#2040,#2041)
    ,(#2042,#2043,#2044,#2045,#2046)
    ,(#2047,#2048,#2049,#2050,#2051)
    ,(#2052,#2053,#2054,#2055,#2056)
    ,(#2057,#2058,#2059,#2060,#2061)
    ,(#2062,#2063,#2064,#2065,#2066)
    ,(#2067,#2068,#2069,#2070,#2071)
    ,(#2072,#2073,#2074,#2075,#2076)
    ,(#2077,#2078,#2079,#2080,#2081
)),.UNSPECIFIED.,.T.,.F.,.F.) B_SPLINE_SURFACE_WITH_KNOTS((15,15),(5,5),
  (0.,1.),(0.,1.),.PIECEWISE_BEZIER_KNOTS.) 
GEOMETRIC_REPRESENTATION_ITEM() RATIONAL_B_SPLINE_SURFACE((
    (1.,1.,1.,1.,1.)
    ,(1.,1.,1.,1.,1.)
    ,(1.,1.,1.,1.,1.)
    ,(1.,1.,1.,1.,1.)
    ,(1.,1.,1.,1.,1.)
    ,(1.,1.,1.,1.,1.)
    ,(1.,1.,1.,1.,1.)
    ,(1.,1.,1.,1.,1.)
    ,(1.,1.,1.,1.,1.)
    ,(1.,1.,1.,1.,1.)
    ,(1.,1.,1.,1.,1.)
    ,(1.,1.,1.,1.,1.)
    ,(1.,1.,1.,1.,1.)
    ,(1.,1.,1.,1.,1.)
,(1.,1.,1.,1.,1.))) REPRESENTATION_ITEM('') SURFACE() );
#2007 = CARTESIAN_POINT('',(-347.1078947368,217.10526315789,
    -15.78947368421));
#2008 = CARTESIAN_POINT('',(-335.8471273574,217.10526315789,
    -47.68048338583));
#2009 = CARTESIAN_POINT('',(-302.7,217.10526315789,-7.478653731174));
#2010 = CARTESIAN_POINT('',(-269.5528726425,217.10526315789,
    -47.68048338583));
#2011 = CARTESIAN_POINT('',(-258.2921052631,217.10526315789,
    -15.78947368421));
#2012 = CARTESIAN_POINT('',(-347.1078947368,217.10526315789,
    -15.78947368421));
#2013 = CARTESIAN_POINT('',(-335.8471273574,231.41791484278,
    -47.68048338583));
#2014 = CARTESIAN_POINT('',(-302.7,213.37537588506,-7.478653731173));
#2015 = CARTESIAN_POINT('',(-269.5528726425,231.41791484278,
    -47.68048338583));
#2016 = CARTESIAN_POINT('',(-258.2921052631,217.10526315789,
    -15.78947368421));
#2017 = CARTESIAN_POINT('',(-347.1078947368,217.10526315789,
    -15.78947368421));
#2018 = CARTESIAN_POINT('',(-335.8471273574,245.73057181078,
    -40.76286538838));
#2019 = CARTESIAN_POINT('',(-302.7,209.64548723546,-9.281389932333));
#2020 = CARTESIAN_POINT('',(-269.5528726425,245.73057181078,
    -40.76286538838));
#2021 = CARTESIAN_POINT('',(-258.2921052631,217.10526315789,
    -15.78947368421));
#2022 = CARTESIAN_POINT('',(-347.1078947368,217.10526315789,
    -15.78947368421));
#2023 = CARTESIAN_POINT('',(-335.8471273574,256.42111689981,
    -26.92762055002));
#2024 = CARTESIAN_POINT('',(-302.7,206.8595235339,-12.88686463926));
#2025 = CARTESIAN_POINT('',(-269.5528726425,256.42111689981,
    -26.92762055002));
#2026 = CARTESIAN_POINT('',(-258.2921052631,217.10526315789,
    -15.78947368421));
#2027 = CARTESIAN_POINT('',(-347.1078947368,217.10526315789,
    -15.78947368421));
#2028 = CARTESIAN_POINT('',(-335.8471273574,259.86784139524,
    -8.243722274098));
#2029 = CARTESIAN_POINT('',(-302.7,205.96130466352,-17.75590190227));
#2030 = CARTESIAN_POINT('',(-269.5528726425,259.86784139524,
    -8.243722274098));
#2031 = CARTESIAN_POINT('',(-258.2921052631,217.10526315789,
    -15.78947368421));
#2032 = CARTESIAN_POINT('',(-347.1078947368,217.10526315789,
    -15.78947368421));
#2033 = CARTESIAN_POINT('',(-335.8471273574,253.74729537933,
    11.151275097448));
#2034 = CARTESIAN_POINT('',(-302.7,207.55632333582,-22.81025209854));
#2035 = CARTESIAN_POINT('',(-269.5528726425,253.74729537933,
    11.151275097448));
#2036 = CARTESIAN_POINT('',(-258.2921052631,217.10526315789,
    -15.78947368421));
#2037 = CARTESIAN_POINT('',(-347.1078947368,217.10526315789,
    -15.78947368421));
#2038 = CARTESIAN_POINT('',(-335.8471273574,238.34101597475,
    25.957187923148));
#2039 = CARTESIAN_POINT('',(-302.7,211.57121077512,-26.66868357769));
#2040 = CARTESIAN_POINT('',(-269.5528726425,238.34101597475,
    25.957187923148));
#2041 = CARTESIAN_POINT('',(-258.2921052631,217.10526315789,
    -15.78947368421));
#2042 = CARTESIAN_POINT('',(-347.1078947368,217.10526315789,
    -15.78947368421));
#2043 = CARTESIAN_POINT('',(-335.8471273574,217.10526315835,
    31.531318659322));
#2044 = CARTESIAN_POINT('',(-302.7,217.10526315777,-28.12130603701));
#2045 = CARTESIAN_POINT('',(-269.5528726425,217.10526315835,
    31.531318659322));
#2046 = CARTESIAN_POINT('',(-258.2921052631,217.10526315789,
    -15.78947368421));
#2047 = CARTESIAN_POINT('',(-347.1078947368,217.10526315789,
    -15.78947368421));
#2048 = CARTESIAN_POINT('',(-335.8471273574,195.86951034019,
    25.957187923166));
#2049 = CARTESIAN_POINT('',(-302.7,222.63931554088,-26.6686835777));
#2050 = CARTESIAN_POINT('',(-269.5528726425,195.86951034019,
    25.957187923166));
#2051 = CARTESIAN_POINT('',(-258.2921052631,217.10526315789,
    -15.78947368421));
#2052 = CARTESIAN_POINT('',(-347.1078947368,217.10526315789,
    -15.78947368421));
#2053 = CARTESIAN_POINT('',(-335.8471273574,180.46323093709,
    11.151275097422));
#2054 = CARTESIAN_POINT('',(-302.7,226.65420297979,-22.81025209853));
#2055 = CARTESIAN_POINT('',(-269.5528726425,180.46323093709,
    11.151275097422));
#2056 = CARTESIAN_POINT('',(-258.2921052631,217.10526315789,
    -15.78947368421));
#2057 = CARTESIAN_POINT('',(-347.1078947368,217.10526315789,
    -15.78947368421));
#2058 = CARTESIAN_POINT('',(-335.8471273574,174.34268492014,
    -8.243722274075));
#2059 = CARTESIAN_POINT('',(-302.7,228.24922165236,-17.75590190228));
#2060 = CARTESIAN_POINT('',(-269.5528726425,174.34268492014,
    -8.243722274075));
#2061 = CARTESIAN_POINT('',(-258.2921052631,217.10526315789,
    -15.78947368421));
#2062 = CARTESIAN_POINT('',(-347.1078947368,217.10526315789,
    -15.78947368421));
#2063 = CARTESIAN_POINT('',(-335.8471273574,177.78940941617,
    -26.92762055004));
#2064 = CARTESIAN_POINT('',(-302.7,227.35100278183,-12.88686463926));
#2065 = CARTESIAN_POINT('',(-269.5528726425,177.78940941617,
    -26.92762055004));
#2066 = CARTESIAN_POINT('',(-258.2921052631,217.10526315789,
    -15.78947368421));
#2067 = CARTESIAN_POINT('',(-347.1078947368,217.10526315789,
    -15.78947368421));
#2068 = CARTESIAN_POINT('',(-335.8471273574,188.47995450493,
    -40.76286538838));
#2069 = CARTESIAN_POINT('',(-302.7,224.56503908034,-9.281389932335));
#2070 = CARTESIAN_POINT('',(-269.5528726425,188.47995450493,
    -40.76286538838));
#2071 = CARTESIAN_POINT('',(-258.2921052631,217.10526315789,
    -15.78947368421));
#2072 = CARTESIAN_POINT('',(-347.1078947368,217.10526315789,
    -15.78947368421));
#2073 = CARTESIAN_POINT('',(-335.8471273574,202.79261147301,
    -47.68048338583));
#2074 = CARTESIAN_POINT('',(-302.7,220.83515043071,-7.478653731172));
#2075 = CARTESIAN_POINT('',(-269.5528726425,202.79261147301,
    -47.68048338583));
#2076 = CARTESIAN_POINT('',(-258.2921052631,217.10526315789,
    -15.78947368421));
#2077 = CARTESIAN_POINT('',(-347.1078947368,217.10526315789,
    -15.78947368421));
#2078 = CARTESIAN_POINT('',(-335.8471273574,217.10526315789,
    -47.68048338583));
#2079 = CARTESIAN_POINT('',(-302.7,217.10526315789,-7.478653731174));
#2080 = CARTESIAN_POINT('',(-269.5528726425,217.10526315789,
    -47.68048338583));
#2081 = CARTESIAN_POINT('',(-258.2921052631,217.10526315789,
    -15.78947368421));
#2082 = MANIFOLD_SOLID_BREP('',#2083);
#2083 = CLOSED_SHELL('',(#2084,#2124,#2155,#2179,#2203,#2220,#2251,#2282
    ,#2313,#2344,#2368,#2392,#2409,#2433,#2464,#2488,#2505,#2536,#2553,
    #2570,#2587,#2604));
#2084 = ADVANCED_FACE('',(#2085),#2119,.F.);
#2085 = FACE_BOUND('',#2086,.F.);
#2086 = EDGE_LOOP('',(#2087,#2097,#2105,#2113));
#2087 = ORIENTED_EDGE('',*,*,#2088,.F.);
#2088 = EDGE_CURVE('',#2089,#2091,#2093,.T.);
#2089 = VERTEX_POINT('',#2090);
#2090 = CARTESIAN_POINT('',(-448.2592105263,205.46052631578,
    -16.78947368421));
#2091 = VERTEX_POINT('',#2092);
#2092 = CARTESIAN_POINT('',(-448.2592105263,205.46052631578,
    -14.78947368421));
#2093 = LINE('',#2094,#2095);
#2094 = CARTESIAN_POINT('',(-448.2592105263,205.46052631578,
    -16.78947368421));
#2095 = VECTOR('',#2096,1.);
#2096 = DIRECTION('',(0.,0.,1.));
#2097 = ORIENTED_EDGE('',*,*,#2098,.T.);
#2098 = EDGE_CURVE('',#2089,#2099,#2101,.T.);
#2099 = VERTEX_POINT('',#2100);
#2100 = CARTESIAN_POINT('',(-448.2592105263,228.75,-16.78947368421));
#2101 = LINE('',#2102,#2103);
#2102 = CARTESIAN_POINT('',(-448.2592105263,205.46052631578,
    -16.78947368421));
#2103 = VECTOR('',#2104,1.);
#2104 = DIRECTION('',(0.,1.,0.));
#2105 = ORIENTED_EDGE('',*,*,#2106,.T.);
#2106 = EDGE_CURVE('',#2099,#2107,#2109,.T.);
#2107 = VERTEX_POINT('',#2108);
#2108 = CARTESIAN_POINT('',(-448.2592105263,228.75,-14.78947368421));
#2109 = LINE('',#2110,#2111);
#2110 = CARTESIAN_POINT('',(-448.2592105263,228.75,-16.78947368421));
#2111 = VECTOR('',#2112,1.);
#2112 = DIRECTION('',(0.,0.,1.));
#2113 = ORIENTED_EDGE('',*,*,#2114,.F.);
#2114 = EDGE_CURVE('',#2091,#2107,#2115,.T.);
#2115 = LINE('',#2116,#2117);
#2116 = CARTESIAN_POINT('',(-448.2592105263,205.46052631578,
    -14.78947368421));
#2117 = VECTOR('',#2118,1.);
#2118 = DIRECTION('',(0.,1.,0.));
#2119 = PLANE('',#2120);
#2120 = AXIS2_PLACEMENT_3D('',#2121,#2122,#2123);
#2121 = CARTESIAN_POINT('',(-448.2592105263,205.46052631578,
    -16.78947368421));
#2122 = DIRECTION('',(1.,0.,0.));
#2123 = DIRECTION('',(0.,0.,1.));
#2124 = ADVANCED_FACE('',(#2125),#2150,.F.);
#2125 = FACE_BOUND('',#2126,.F.);
#2126 = EDGE_LOOP('',(#2127,#2135,#2136,#2144));
#2127 = ORIENTED_EDGE('',*,*,#2128,.F.);
#2128 = EDGE_CURVE('',#2089,#2129,#2131,.T.);
#2129 = VERTEX_POINT('',#2130);
#2130 = CARTESIAN_POINT('',(-314.3447368421,205.46052631578,
    -16.78947368421));
#2131 = LINE('',#2132,#2133);
#2132 = CARTESIAN_POINT('',(-448.2592105263,205.46052631578,
    -16.78947368421));
#2133 = VECTOR('',#2134,1.);
#2134 = DIRECTION('',(1.,0.,0.));
#2135 = ORIENTED_EDGE('',*,*,#2088,.T.);
#2136 = ORIENTED_EDGE('',*,*,#2137,.T.);
#2137 = EDGE_CURVE('',#2091,#2138,#2140,.T.);
#2138 = VERTEX_POINT('',#2139);
#2139 = CARTESIAN_POINT('',(-314.3447368421,205.46052631578,
    -14.78947368421));
#2140 = LINE('',#2141,#2142);
#2141 = CARTESIAN_POINT('',(-448.2592105263,205.46052631578,
    -14.78947368421));
#2142 = VECTOR('',#2143,1.);
#2143 = DIRECTION('',(1.,0.,0.));
#2144 = ORIENTED_EDGE('',*,*,#2145,.F.);
#2145 = EDGE_CURVE('',#2129,#2138,#2146,.T.);
#2146 = LINE('',#2147,#2148);
#2147 = CARTESIAN_POINT('',(-314.3447368421,205.46052631578,
    -16.78947368421));
#2148 = VECTOR('',#2149,1.);
#2149 = DIRECTION('',(0.,0.,1.));
#2150 = PLANE('',#2151);
#2151 = AXIS2_PLACEMENT_3D('',#2152,#2153,#2154);
#2152 = CARTESIAN_POINT('',(-448.2592105263,205.46052631578,
    -16.78947368421));
#2153 = DIRECTION('',(0.,1.,0.));
#2154 = DIRECTION('',(0.,0.,1.));
#2155 = ADVANCED_FACE('',(#2156),#2174,.T.);
#2156 = FACE_BOUND('',#2157,.T.);
#2157 = EDGE_LOOP('',(#2158,#2166,#2167,#2168));
#2158 = ORIENTED_EDGE('',*,*,#2159,.F.);
#2159 = EDGE_CURVE('',#2107,#2160,#2162,.T.);
#2160 = VERTEX_POINT('',#2161);
#2161 = CARTESIAN_POINT('',(-314.3447368421,228.75,-14.78947368421));
#2162 = LINE('',#2163,#2164);
#2163 = CARTESIAN_POINT('',(-448.2592105263,228.75,-14.78947368421));
#2164 = VECTOR('',#2165,1.);
#2165 = DIRECTION('',(1.,0.,0.));
#2166 = ORIENTED_EDGE('',*,*,#2114,.F.);
#2167 = ORIENTED_EDGE('',*,*,#2137,.T.);
#2168 = ORIENTED_EDGE('',*,*,#2169,.T.);
#2169 = EDGE_CURVE('',#2138,#2160,#2170,.T.);
#2170 = LINE('',#2171,#2172);
#2171 = CARTESIAN_POINT('',(-314.3447368421,71.546052631579,
    -14.78947368421));
#2172 = VECTOR('',#2173,1.);
#2173 = DIRECTION('',(1.110223024625E-16,1.,0.));
#2174 = PLANE('',#2175);
#2175 = AXIS2_PLACEMENT_3D('',#2176,#2177,#2178);
#2176 = CARTESIAN_POINT('',(-448.2592105263,205.46052631578,
    -14.78947368421));
#2177 = DIRECTION('',(0.,0.,1.));
#2178 = DIRECTION('',(1.,0.,0.));
#2179 = ADVANCED_FACE('',(#2180),#2198,.T.);
#2180 = FACE_BOUND('',#2181,.T.);
#2181 = EDGE_LOOP('',(#2182,#2190,#2191,#2192));
#2182 = ORIENTED_EDGE('',*,*,#2183,.F.);
#2183 = EDGE_CURVE('',#2099,#2184,#2186,.T.);
#2184 = VERTEX_POINT('',#2185);
#2185 = CARTESIAN_POINT('',(-314.3447368421,228.75,-16.78947368421));
#2186 = LINE('',#2187,#2188);
#2187 = CARTESIAN_POINT('',(-448.2592105263,228.75,-16.78947368421));
#2188 = VECTOR('',#2189,1.);
#2189 = DIRECTION('',(1.,0.,0.));
#2190 = ORIENTED_EDGE('',*,*,#2106,.T.);
#2191 = ORIENTED_EDGE('',*,*,#2159,.T.);
#2192 = ORIENTED_EDGE('',*,*,#2193,.F.);
#2193 = EDGE_CURVE('',#2184,#2160,#2194,.T.);
#2194 = LINE('',#2195,#2196);
#2195 = CARTESIAN_POINT('',(-314.3447368421,228.75,-16.78947368421));
#2196 = VECTOR('',#2197,1.);
#2197 = DIRECTION('',(0.,0.,1.));
#2198 = PLANE('',#2199);
#2199 = AXIS2_PLACEMENT_3D('',#2200,#2201,#2202);
#2200 = CARTESIAN_POINT('',(-448.2592105263,228.75,-16.78947368421));
#2201 = DIRECTION('',(0.,1.,0.));
#2202 = DIRECTION('',(0.,0.,1.));
#2203 = ADVANCED_FACE('',(#2204),#2215,.F.);
#2204 = FACE_BOUND('',#2205,.F.);
#2205 = EDGE_LOOP('',(#2206,#2207,#2208,#2209));
#2206 = ORIENTED_EDGE('',*,*,#2183,.F.);
#2207 = ORIENTED_EDGE('',*,*,#2098,.F.);
#2208 = ORIENTED_EDGE('',*,*,#2128,.T.);
#2209 = ORIENTED_EDGE('',*,*,#2210,.T.);
#2210 = EDGE_CURVE('',#2129,#2184,#2211,.T.);
#2211 = LINE('',#2212,#2213);
#2212 = CARTESIAN_POINT('',(-314.3447368421,71.546052631579,
    -16.78947368421));
#2213 = VECTOR('',#2214,1.);
#2214 = DIRECTION('',(1.110223024625E-16,1.,0.));
#2215 = PLANE('',#2216);
#2216 = AXIS2_PLACEMENT_3D('',#2217,#2218,#2219);
#2217 = CARTESIAN_POINT('',(-448.2592105263,205.46052631578,
    -16.78947368421));
#2218 = DIRECTION('',(0.,0.,1.));
#2219 = DIRECTION('',(1.,0.,0.));
#2220 = ADVANCED_FACE('',(#2221),#2246,.T.);
#2221 = FACE_BOUND('',#2222,.T.);
#2222 = EDGE_LOOP('',(#2223,#2231,#2239,#2245));
#2223 = ORIENTED_EDGE('',*,*,#2224,.F.);
#2224 = EDGE_CURVE('',#2225,#2129,#2227,.T.);
#2225 = VERTEX_POINT('',#2226);
#2226 = CARTESIAN_POINT('',(-314.3447368421,71.546052631579,
    -16.78947368421));
#2227 = LINE('',#2228,#2229);
#2228 = CARTESIAN_POINT('',(-314.3447368421,71.546052631579,
    -16.78947368421));
#2229 = VECTOR('',#2230,1.);
#2230 = DIRECTION('',(1.110223024625E-16,1.,0.));
#2231 = ORIENTED_EDGE('',*,*,#2232,.T.);
#2232 = EDGE_CURVE('',#2225,#2233,#2235,.T.);
#2233 = VERTEX_POINT('',#2234);
#2234 = CARTESIAN_POINT('',(-314.3447368421,71.546052631579,
    -14.78947368421));
#2235 = LINE('',#2236,#2237);
#2236 = CARTESIAN_POINT('',(-314.3447368421,71.546052631579,
    -16.78947368421));
#2237 = VECTOR('',#2238,1.);
#2238 = DIRECTION('',(0.,0.,1.));
#2239 = ORIENTED_EDGE('',*,*,#2240,.T.);
#2240 = EDGE_CURVE('',#2233,#2138,#2241,.T.);
#2241 = LINE('',#2242,#2243);
#2242 = CARTESIAN_POINT('',(-314.3447368421,71.546052631579,
    -14.78947368421));
#2243 = VECTOR('',#2244,1.);
#2244 = DIRECTION('',(1.110223024625E-16,1.,0.));
#2245 = ORIENTED_EDGE('',*,*,#2145,.F.);
#2246 = PLANE('',#2247);
#2247 = AXIS2_PLACEMENT_3D('',#2248,#2249,#2250);
#2248 = CARTESIAN_POINT('',(-314.3447368421,71.546052631579,
    -16.78947368421));
#2249 = DIRECTION('',(-1.,1.110223024625E-16,0.));
#2250 = DIRECTION('',(0.,0.,1.));
#2251 = ADVANCED_FACE('',(#2252),#2277,.T.);
#2252 = FACE_BOUND('',#2253,.T.);
#2253 = EDGE_LOOP('',(#2254,#2262,#2263,#2271));
#2254 = ORIENTED_EDGE('',*,*,#2255,.F.);
#2255 = EDGE_CURVE('',#2160,#2256,#2258,.T.);
#2256 = VERTEX_POINT('',#2257);
#2257 = CARTESIAN_POINT('',(-291.0552631578,228.75,-14.78947368421));
#2258 = LINE('',#2259,#2260);
#2259 = CARTESIAN_POINT('',(-448.2592105263,228.75,-14.78947368421));
#2260 = VECTOR('',#2261,1.);
#2261 = DIRECTION('',(1.,0.,0.));
#2262 = ORIENTED_EDGE('',*,*,#2169,.F.);
#2263 = ORIENTED_EDGE('',*,*,#2264,.T.);
#2264 = EDGE_CURVE('',#2138,#2265,#2267,.T.);
#2265 = VERTEX_POINT('',#2266);
#2266 = CARTESIAN_POINT('',(-291.0552631578,205.46052631578,
    -14.78947368421));
#2267 = LINE('',#2268,#2269);
#2268 = CARTESIAN_POINT('',(-448.2592105263,205.46052631578,
    -14.78947368421));
#2269 = VECTOR('',#2270,1.);
#2270 = DIRECTION('',(1.,0.,0.));
#2271 = ORIENTED_EDGE('',*,*,#2272,.T.);
#2272 = EDGE_CURVE('',#2265,#2256,#2273,.T.);
#2273 = LINE('',#2274,#2275);
#2274 = CARTESIAN_POINT('',(-291.0552631578,71.546052631579,
    -14.78947368421));
#2275 = VECTOR('',#2276,1.);
#2276 = DIRECTION('',(1.110223024625E-16,1.,0.));
#2277 = PLANE('',#2278);
#2278 = AXIS2_PLACEMENT_3D('',#2279,#2280,#2281);
#2279 = CARTESIAN_POINT('',(-448.2592105263,205.46052631578,
    -14.78947368421));
#2280 = DIRECTION('',(0.,0.,1.));
#2281 = DIRECTION('',(1.,0.,0.));
#2282 = ADVANCED_FACE('',(#2283),#2308,.T.);
#2283 = FACE_BOUND('',#2284,.T.);
#2284 = EDGE_LOOP('',(#2285,#2293,#2294,#2302));
#2285 = ORIENTED_EDGE('',*,*,#2286,.F.);
#2286 = EDGE_CURVE('',#2184,#2287,#2289,.T.);
#2287 = VERTEX_POINT('',#2288);
#2288 = CARTESIAN_POINT('',(-314.3447368421,362.66447368421,
    -16.78947368421));
#2289 = LINE('',#2290,#2291);
#2290 = CARTESIAN_POINT('',(-314.3447368421,71.546052631579,
    -16.78947368421));
#2291 = VECTOR('',#2292,1.);
#2292 = DIRECTION('',(1.110223024625E-16,1.,0.));
#2293 = ORIENTED_EDGE('',*,*,#2193,.T.);
#2294 = ORIENTED_EDGE('',*,*,#2295,.T.);
#2295 = EDGE_CURVE('',#2160,#2296,#2298,.T.);
#2296 = VERTEX_POINT('',#2297);
#2297 = CARTESIAN_POINT('',(-314.3447368421,362.66447368421,
    -14.78947368421));
#2298 = LINE('',#2299,#2300);
#2299 = CARTESIAN_POINT('',(-314.3447368421,71.546052631579,
    -14.78947368421));
#2300 = VECTOR('',#2301,1.);
#2301 = DIRECTION('',(1.110223024625E-16,1.,0.));
#2302 = ORIENTED_EDGE('',*,*,#2303,.F.);
#2303 = EDGE_CURVE('',#2287,#2296,#2304,.T.);
#2304 = LINE('',#2305,#2306);
#2305 = CARTESIAN_POINT('',(-314.3447368421,362.66447368421,
    -16.78947368421));
#2306 = VECTOR('',#2307,1.);
#2307 = DIRECTION('',(0.,0.,1.));
#2308 = PLANE('',#2309);
#2309 = AXIS2_PLACEMENT_3D('',#2310,#2311,#2312);
#2310 = CARTESIAN_POINT('',(-314.3447368421,71.546052631579,
    -16.78947368421));
#2311 = DIRECTION('',(-1.,1.110223024625E-16,0.));
#2312 = DIRECTION('',(0.,0.,1.));
#2313 = ADVANCED_FACE('',(#2314),#2339,.F.);
#2314 = FACE_BOUND('',#2315,.F.);
#2315 = EDGE_LOOP('',(#2316,#2324,#2325,#2333));
#2316 = ORIENTED_EDGE('',*,*,#2317,.F.);
#2317 = EDGE_CURVE('',#2184,#2318,#2320,.T.);
#2318 = VERTEX_POINT('',#2319);
#2319 = CARTESIAN_POINT('',(-291.0552631578,228.75,-16.78947368421));
#2320 = LINE('',#2321,#2322);
#2321 = CARTESIAN_POINT('',(-448.2592105263,228.75,-16.78947368421));
#2322 = VECTOR('',#2323,1.);
#2323 = DIRECTION('',(1.,0.,0.));
#2324 = ORIENTED_EDGE('',*,*,#2210,.F.);
#2325 = ORIENTED_EDGE('',*,*,#2326,.T.);
#2326 = EDGE_CURVE('',#2129,#2327,#2329,.T.);
#2327 = VERTEX_POINT('',#2328);
#2328 = CARTESIAN_POINT('',(-291.0552631578,205.46052631578,
    -16.78947368421));
#2329 = LINE('',#2330,#2331);
#2330 = CARTESIAN_POINT('',(-448.2592105263,205.46052631578,
    -16.78947368421));
#2331 = VECTOR('',#2332,1.);
#2332 = DIRECTION('',(1.,0.,0.));
#2333 = ORIENTED_EDGE('',*,*,#2334,.T.);
#2334 = EDGE_CURVE('',#2327,#2318,#2335,.T.);
#2335 = LINE('',#2336,#2337);
#2336 = CARTESIAN_POINT('',(-291.0552631578,71.546052631579,
    -16.78947368421));
#2337 = VECTOR('',#2338,1.);
#2338 = DIRECTION('',(1.110223024625E-16,1.,0.));
#2339 = PLANE('',#2340);
#2340 = AXIS2_PLACEMENT_3D('',#2341,#2342,#2343);
#2341 = CARTESIAN_POINT('',(-448.2592105263,205.46052631578,
    -16.78947368421));
#2342 = DIRECTION('',(0.,0.,1.));
#2343 = DIRECTION('',(1.,0.,0.));
#2344 = ADVANCED_FACE('',(#2345),#2363,.F.);
#2345 = FACE_BOUND('',#2346,.F.);
#2346 = EDGE_LOOP('',(#2347,#2348,#2356,#2362));
#2347 = ORIENTED_EDGE('',*,*,#2224,.F.);
#2348 = ORIENTED_EDGE('',*,*,#2349,.F.);
#2349 = EDGE_CURVE('',#2350,#2225,#2352,.T.);
#2350 = VERTEX_POINT('',#2351);
#2351 = CARTESIAN_POINT('',(-291.0552631578,71.546052631579,
    -16.78947368421));
#2352 = LINE('',#2353,#2354);
#2353 = CARTESIAN_POINT('',(-291.0552631578,71.546052631579,
    -16.78947368421));
#2354 = VECTOR('',#2355,1.);
#2355 = DIRECTION('',(-1.,1.110223024625E-16,0.));
#2356 = ORIENTED_EDGE('',*,*,#2357,.T.);
#2357 = EDGE_CURVE('',#2350,#2327,#2358,.T.);
#2358 = LINE('',#2359,#2360);
#2359 = CARTESIAN_POINT('',(-291.0552631578,71.546052631579,
    -16.78947368421));
#2360 = VECTOR('',#2361,1.);
#2361 = DIRECTION('',(1.110223024625E-16,1.,0.));
#2362 = ORIENTED_EDGE('',*,*,#2326,.F.);
#2363 = PLANE('',#2364);
#2364 = AXIS2_PLACEMENT_3D('',#2365,#2366,#2367);
#2365 = CARTESIAN_POINT('',(-291.0552631578,71.546052631579,
    -16.78947368421));
#2366 = DIRECTION('',(0.,0.,1.));
#2367 = DIRECTION('',(1.110223024625E-16,1.,0.));
#2368 = ADVANCED_FACE('',(#2369),#2387,.T.);
#2369 = FACE_BOUND('',#2370,.T.);
#2370 = EDGE_LOOP('',(#2371,#2372,#2380,#2386));
#2371 = ORIENTED_EDGE('',*,*,#2240,.F.);
#2372 = ORIENTED_EDGE('',*,*,#2373,.F.);
#2373 = EDGE_CURVE('',#2374,#2233,#2376,.T.);
#2374 = VERTEX_POINT('',#2375);
#2375 = CARTESIAN_POINT('',(-291.0552631578,71.546052631579,
    -14.78947368421));
#2376 = LINE('',#2377,#2378);
#2377 = CARTESIAN_POINT('',(-291.0552631578,71.546052631579,
    -14.78947368421));
#2378 = VECTOR('',#2379,1.);
#2379 = DIRECTION('',(-1.,1.110223024625E-16,0.));
#2380 = ORIENTED_EDGE('',*,*,#2381,.T.);
#2381 = EDGE_CURVE('',#2374,#2265,#2382,.T.);
#2382 = LINE('',#2383,#2384);
#2383 = CARTESIAN_POINT('',(-291.0552631578,71.546052631579,
    -14.78947368421));
#2384 = VECTOR('',#2385,1.);
#2385 = DIRECTION('',(1.110223024625E-16,1.,0.));
#2386 = ORIENTED_EDGE('',*,*,#2264,.F.);
#2387 = PLANE('',#2388);
#2388 = AXIS2_PLACEMENT_3D('',#2389,#2390,#2391);
#2389 = CARTESIAN_POINT('',(-291.0552631578,71.546052631579,
    -14.78947368421));
#2390 = DIRECTION('',(0.,0.,1.));
#2391 = DIRECTION('',(1.110223024625E-16,1.,0.));
#2392 = ADVANCED_FACE('',(#2393),#2404,.F.);
#2393 = FACE_BOUND('',#2394,.F.);
#2394 = EDGE_LOOP('',(#2395,#2401,#2402,#2403));
#2395 = ORIENTED_EDGE('',*,*,#2396,.F.);
#2396 = EDGE_CURVE('',#2350,#2374,#2397,.T.);
#2397 = LINE('',#2398,#2399);
#2398 = CARTESIAN_POINT('',(-291.0552631578,71.546052631579,
    -16.78947368421));
#2399 = VECTOR('',#2400,1.);
#2400 = DIRECTION('',(0.,0.,1.));
#2401 = ORIENTED_EDGE('',*,*,#2349,.T.);
#2402 = ORIENTED_EDGE('',*,*,#2232,.T.);
#2403 = ORIENTED_EDGE('',*,*,#2373,.F.);
#2404 = PLANE('',#2405);
#2405 = AXIS2_PLACEMENT_3D('',#2406,#2407,#2408);
#2406 = CARTESIAN_POINT('',(-291.0552631578,71.546052631579,
    -16.78947368421));
#2407 = DIRECTION('',(1.110223024625E-16,1.,0.));
#2408 = DIRECTION('',(0.,0.,1.));
#2409 = ADVANCED_FACE('',(#2410),#2428,.T.);
#2410 = FACE_BOUND('',#2411,.T.);
#2411 = EDGE_LOOP('',(#2412,#2413,#2414,#2422));
#2412 = ORIENTED_EDGE('',*,*,#2295,.F.);
#2413 = ORIENTED_EDGE('',*,*,#2255,.T.);
#2414 = ORIENTED_EDGE('',*,*,#2415,.T.);
#2415 = EDGE_CURVE('',#2256,#2416,#2418,.T.);
#2416 = VERTEX_POINT('',#2417);
#2417 = CARTESIAN_POINT('',(-291.0552631578,362.66447368421,
    -14.78947368421));
#2418 = LINE('',#2419,#2420);
#2419 = CARTESIAN_POINT('',(-291.0552631578,71.546052631579,
    -14.78947368421));
#2420 = VECTOR('',#2421,1.);
#2421 = DIRECTION('',(1.110223024625E-16,1.,0.));
#2422 = ORIENTED_EDGE('',*,*,#2423,.T.);
#2423 = EDGE_CURVE('',#2416,#2296,#2424,.T.);
#2424 = LINE('',#2425,#2426);
#2425 = CARTESIAN_POINT('',(-291.0552631578,362.66447368421,
    -14.78947368421));
#2426 = VECTOR('',#2427,1.);
#2427 = DIRECTION('',(-1.,1.110223024625E-16,0.));
#2428 = PLANE('',#2429);
#2429 = AXIS2_PLACEMENT_3D('',#2430,#2431,#2432);
#2430 = CARTESIAN_POINT('',(-291.0552631578,71.546052631579,
    -14.78947368421));
#2431 = DIRECTION('',(0.,0.,1.));
#2432 = DIRECTION('',(1.110223024625E-16,1.,0.));
#2433 = ADVANCED_FACE('',(#2434),#2459,.T.);
#2434 = FACE_BOUND('',#2435,.T.);
#2435 = EDGE_LOOP('',(#2436,#2444,#2445,#2453));
#2436 = ORIENTED_EDGE('',*,*,#2437,.F.);
#2437 = EDGE_CURVE('',#2256,#2438,#2440,.T.);
#2438 = VERTEX_POINT('',#2439);
#2439 = CARTESIAN_POINT('',(-157.1407894736,228.75,-14.78947368421));
#2440 = LINE('',#2441,#2442);
#2441 = CARTESIAN_POINT('',(-448.2592105263,228.75,-14.78947368421));
#2442 = VECTOR('',#2443,1.);
#2443 = DIRECTION('',(1.,0.,0.));
#2444 = ORIENTED_EDGE('',*,*,#2272,.F.);
#2445 = ORIENTED_EDGE('',*,*,#2446,.T.);
#2446 = EDGE_CURVE('',#2265,#2447,#2449,.T.);
#2447 = VERTEX_POINT('',#2448);
#2448 = CARTESIAN_POINT('',(-157.1407894736,205.46052631578,
    -14.78947368421));
#2449 = LINE('',#2450,#2451);
#2450 = CARTESIAN_POINT('',(-448.2592105263,205.46052631578,
    -14.78947368421));
#2451 = VECTOR('',#2452,1.);
#2452 = DIRECTION('',(1.,0.,0.));
#2453 = ORIENTED_EDGE('',*,*,#2454,.T.);
#2454 = EDGE_CURVE('',#2447,#2438,#2455,.T.);
#2455 = LINE('',#2456,#2457);
#2456 = CARTESIAN_POINT('',(-157.1407894736,205.46052631578,
    -14.78947368421));
#2457 = VECTOR('',#2458,1.);
#2458 = DIRECTION('',(0.,1.,0.));
#2459 = PLANE('',#2460);
#2460 = AXIS2_PLACEMENT_3D('',#2461,#2462,#2463);
#2461 = CARTESIAN_POINT('',(-448.2592105263,205.46052631578,
    -14.78947368421));
#2462 = DIRECTION('',(0.,0.,1.));
#2463 = DIRECTION('',(1.,0.,0.));
#2464 = ADVANCED_FACE('',(#2465),#2483,.F.);
#2465 = FACE_BOUND('',#2466,.F.);
#2466 = EDGE_LOOP('',(#2467,#2468,#2469,#2477));
#2467 = ORIENTED_EDGE('',*,*,#2286,.F.);
#2468 = ORIENTED_EDGE('',*,*,#2317,.T.);
#2469 = ORIENTED_EDGE('',*,*,#2470,.T.);
#2470 = EDGE_CURVE('',#2318,#2471,#2473,.T.);
#2471 = VERTEX_POINT('',#2472);
#2472 = CARTESIAN_POINT('',(-291.0552631578,362.66447368421,
    -16.78947368421));
#2473 = LINE('',#2474,#2475);
#2474 = CARTESIAN_POINT('',(-291.0552631578,71.546052631579,
    -16.78947368421));
#2475 = VECTOR('',#2476,1.);
#2476 = DIRECTION('',(1.110223024625E-16,1.,0.));
#2477 = ORIENTED_EDGE('',*,*,#2478,.T.);
#2478 = EDGE_CURVE('',#2471,#2287,#2479,.T.);
#2479 = LINE('',#2480,#2481);
#2480 = CARTESIAN_POINT('',(-291.0552631578,362.66447368421,
    -16.78947368421));
#2481 = VECTOR('',#2482,1.);
#2482 = DIRECTION('',(-1.,1.110223024625E-16,0.));
#2483 = PLANE('',#2484);
#2484 = AXIS2_PLACEMENT_3D('',#2485,#2486,#2487);
#2485 = CARTESIAN_POINT('',(-291.0552631578,71.546052631579,
    -16.78947368421));
#2486 = DIRECTION('',(0.,0.,1.));
#2487 = DIRECTION('',(1.110223024625E-16,1.,0.));
#2488 = ADVANCED_FACE('',(#2489),#2500,.T.);
#2489 = FACE_BOUND('',#2490,.T.);
#2490 = EDGE_LOOP('',(#2491,#2497,#2498,#2499));
#2491 = ORIENTED_EDGE('',*,*,#2492,.F.);
#2492 = EDGE_CURVE('',#2471,#2416,#2493,.T.);
#2493 = LINE('',#2494,#2495);
#2494 = CARTESIAN_POINT('',(-291.0552631578,362.66447368421,
    -16.78947368421));
#2495 = VECTOR('',#2496,1.);
#2496 = DIRECTION('',(0.,0.,1.));
#2497 = ORIENTED_EDGE('',*,*,#2478,.T.);
#2498 = ORIENTED_EDGE('',*,*,#2303,.T.);
#2499 = ORIENTED_EDGE('',*,*,#2423,.F.);
#2500 = PLANE('',#2501);
#2501 = AXIS2_PLACEMENT_3D('',#2502,#2503,#2504);
#2502 = CARTESIAN_POINT('',(-291.0552631578,362.66447368421,
    -16.78947368421));
#2503 = DIRECTION('',(1.110223024625E-16,1.,0.));
#2504 = DIRECTION('',(0.,0.,1.));
#2505 = ADVANCED_FACE('',(#2506),#2531,.F.);
#2506 = FACE_BOUND('',#2507,.F.);
#2507 = EDGE_LOOP('',(#2508,#2516,#2517,#2525));
#2508 = ORIENTED_EDGE('',*,*,#2509,.F.);
#2509 = EDGE_CURVE('',#2318,#2510,#2512,.T.);
#2510 = VERTEX_POINT('',#2511);
#2511 = CARTESIAN_POINT('',(-157.1407894736,228.75,-16.78947368421));
#2512 = LINE('',#2513,#2514);
#2513 = CARTESIAN_POINT('',(-448.2592105263,228.75,-16.78947368421));
#2514 = VECTOR('',#2515,1.);
#2515 = DIRECTION('',(1.,0.,0.));
#2516 = ORIENTED_EDGE('',*,*,#2334,.F.);
#2517 = ORIENTED_EDGE('',*,*,#2518,.T.);
#2518 = EDGE_CURVE('',#2327,#2519,#2521,.T.);
#2519 = VERTEX_POINT('',#2520);
#2520 = CARTESIAN_POINT('',(-157.1407894736,205.46052631578,
    -16.78947368421));
#2521 = LINE('',#2522,#2523);
#2522 = CARTESIAN_POINT('',(-448.2592105263,205.46052631578,
    -16.78947368421));
#2523 = VECTOR('',#2524,1.);
#2524 = DIRECTION('',(1.,0.,0.));
#2525 = ORIENTED_EDGE('',*,*,#2526,.T.);
#2526 = EDGE_CURVE('',#2519,#2510,#2527,.T.);
#2527 = LINE('',#2528,#2529);
#2528 = CARTESIAN_POINT('',(-157.1407894736,205.46052631578,
    -16.78947368421));
#2529 = VECTOR('',#2530,1.);
#2530 = DIRECTION('',(0.,1.,0.));
#2531 = PLANE('',#2532);
#2532 = AXIS2_PLACEMENT_3D('',#2533,#2534,#2535);
#2533 = CARTESIAN_POINT('',(-448.2592105263,205.46052631578,
    -16.78947368421));
#2534 = DIRECTION('',(0.,0.,1.));
#2535 = DIRECTION('',(1.,0.,0.));
#2536 = ADVANCED_FACE('',(#2537),#2548,.F.);
#2537 = FACE_BOUND('',#2538,.F.);
#2538 = EDGE_LOOP('',(#2539,#2540,#2541,#2542));
#2539 = ORIENTED_EDGE('',*,*,#2357,.F.);
#2540 = ORIENTED_EDGE('',*,*,#2396,.T.);
#2541 = ORIENTED_EDGE('',*,*,#2381,.T.);
#2542 = ORIENTED_EDGE('',*,*,#2543,.F.);
#2543 = EDGE_CURVE('',#2327,#2265,#2544,.T.);
#2544 = LINE('',#2545,#2546);
#2545 = CARTESIAN_POINT('',(-291.0552631578,205.46052631578,
    -16.78947368421));
#2546 = VECTOR('',#2547,1.);
#2547 = DIRECTION('',(0.,0.,1.));
#2548 = PLANE('',#2549);
#2549 = AXIS2_PLACEMENT_3D('',#2550,#2551,#2552);
#2550 = CARTESIAN_POINT('',(-291.0552631578,71.546052631579,
    -16.78947368421));
#2551 = DIRECTION('',(-1.,1.110223024625E-16,0.));
#2552 = DIRECTION('',(0.,0.,1.));
#2553 = ADVANCED_FACE('',(#2554),#2565,.F.);
#2554 = FACE_BOUND('',#2555,.F.);
#2555 = EDGE_LOOP('',(#2556,#2557,#2563,#2564));
#2556 = ORIENTED_EDGE('',*,*,#2470,.F.);
#2557 = ORIENTED_EDGE('',*,*,#2558,.T.);
#2558 = EDGE_CURVE('',#2318,#2256,#2559,.T.);
#2559 = LINE('',#2560,#2561);
#2560 = CARTESIAN_POINT('',(-291.0552631578,228.75,-16.78947368421));
#2561 = VECTOR('',#2562,1.);
#2562 = DIRECTION('',(0.,0.,1.));
#2563 = ORIENTED_EDGE('',*,*,#2415,.T.);
#2564 = ORIENTED_EDGE('',*,*,#2492,.F.);
#2565 = PLANE('',#2566);
#2566 = AXIS2_PLACEMENT_3D('',#2567,#2568,#2569);
#2567 = CARTESIAN_POINT('',(-291.0552631578,71.546052631579,
    -16.78947368421));
#2568 = DIRECTION('',(-1.,1.110223024625E-16,0.));
#2569 = DIRECTION('',(0.,0.,1.));
#2570 = ADVANCED_FACE('',(#2571),#2582,.T.);
#2571 = FACE_BOUND('',#2572,.T.);
#2572 = EDGE_LOOP('',(#2573,#2574,#2575,#2576));
#2573 = ORIENTED_EDGE('',*,*,#2509,.F.);
#2574 = ORIENTED_EDGE('',*,*,#2558,.T.);
#2575 = ORIENTED_EDGE('',*,*,#2437,.T.);
#2576 = ORIENTED_EDGE('',*,*,#2577,.F.);
#2577 = EDGE_CURVE('',#2510,#2438,#2578,.T.);
#2578 = LINE('',#2579,#2580);
#2579 = CARTESIAN_POINT('',(-157.1407894736,228.75,-16.78947368421));
#2580 = VECTOR('',#2581,1.);
#2581 = DIRECTION('',(0.,0.,1.));
#2582 = PLANE('',#2583);
#2583 = AXIS2_PLACEMENT_3D('',#2584,#2585,#2586);
#2584 = CARTESIAN_POINT('',(-448.2592105263,228.75,-16.78947368421));
#2585 = DIRECTION('',(0.,1.,0.));
#2586 = DIRECTION('',(0.,0.,1.));
#2587 = ADVANCED_FACE('',(#2588),#2599,.T.);
#2588 = FACE_BOUND('',#2589,.T.);
#2589 = EDGE_LOOP('',(#2590,#2596,#2597,#2598));
#2590 = ORIENTED_EDGE('',*,*,#2591,.F.);
#2591 = EDGE_CURVE('',#2519,#2447,#2592,.T.);
#2592 = LINE('',#2593,#2594);
#2593 = CARTESIAN_POINT('',(-157.1407894736,205.46052631578,
    -16.78947368421));
#2594 = VECTOR('',#2595,1.);
#2595 = DIRECTION('',(0.,0.,1.));
#2596 = ORIENTED_EDGE('',*,*,#2526,.T.);
#2597 = ORIENTED_EDGE('',*,*,#2577,.T.);
#2598 = ORIENTED_EDGE('',*,*,#2454,.F.);
#2599 = PLANE('',#2600);
#2600 = AXIS2_PLACEMENT_3D('',#2601,#2602,#2603);
#2601 = CARTESIAN_POINT('',(-157.1407894736,205.46052631578,
    -16.78947368421));
#2602 = DIRECTION('',(1.,0.,0.));
#2603 = DIRECTION('',(0.,0.,1.));
#2604 = ADVANCED_FACE('',(#2605),#2611,.F.);
#2605 = FACE_BOUND('',#2606,.F.);
#2606 = EDGE_LOOP('',(#2607,#2608,#2609,#2610));
#2607 = ORIENTED_EDGE('',*,*,#2518,.F.);
#2608 = ORIENTED_EDGE('',*,*,#2543,.T.);
#2609 = ORIENTED_EDGE('',*,*,#2446,.T.);
#2610 = ORIENTED_EDGE('',*,*,#2591,.F.);
#2611 = PLANE('',#2612);
#2612 = AXIS2_PLACEMENT_3D('',#2613,#2614,#2615);
#2613 = CARTESIAN_POINT('',(-448.2592105263,205.46052631578,
    -16.78947368421));
#2614 = DIRECTION('',(0.,1.,0.));
#2615 = DIRECTION('',(0.,0.,1.));
#2616 = MANIFOLD_SOLID_BREP('',#2617);
#2617 = CLOSED_SHELL('',(#2618,#2651,#2660));
#2618 = ADVANCED_FACE('',(#2619),#2646,.T.);
#2619 = FACE_BOUND('',#2620,.T.);
#2620 = EDGE_LOOP('',(#2621,#2630,#2638,#2645));
#2621 = ORIENTED_EDGE('',*,*,#2622,.F.);
#2622 = EDGE_CURVE('',#2623,#2623,#2625,.T.);
#2623 = VERTEX_POINT('',#2624);
#2624 = CARTESIAN_POINT('',(-308.7,-217.1052631578,-15.78947368421));
#2625 = CIRCLE('',#2626,6.);
#2626 = AXIS2_PLACEMENT_3D('',#2627,#2628,#2629);
#2627 = CARTESIAN_POINT('',(-302.7,-217.1052631578,-15.78947368421));
#2628 = DIRECTION('',(0.,0.,-1.));
#2629 = DIRECTION('',(-1.,0.,0.));
#2630 = ORIENTED_EDGE('',*,*,#2631,.F.);
#2631 = EDGE_CURVE('',#2632,#2623,#2634,.T.);
#2632 = VERTEX_POINT('',#2633);
#2633 = CARTESIAN_POINT('',(-308.7,-217.1052631578,18.75));
#2634 = LINE('',#2635,#2636);
#2635 = CARTESIAN_POINT('',(-308.7,-217.1052631578,18.75));
#2636 = VECTOR('',#2637,1.);
#2637 = DIRECTION('',(0.,0.,-1.));
#2638 = ORIENTED_EDGE('',*,*,#2639,.T.);
#2639 = EDGE_CURVE('',#2632,#2632,#2640,.T.);
#2640 = CIRCLE('',#2641,6.);
#2641 = AXIS2_PLACEMENT_3D('',#2642,#2643,#2644);
#2642 = CARTESIAN_POINT('',(-302.7,-217.1052631578,18.75));
#2643 = DIRECTION('',(0.,0.,-1.));
#2644 = DIRECTION('',(-1.,0.,0.));
#2645 = ORIENTED_EDGE('',*,*,#2631,.T.);
#2646 = CYLINDRICAL_SURFACE('',#2647,6.);
#2647 = AXIS2_PLACEMENT_3D('',#2648,#2649,#2650);
#2648 = CARTESIAN_POINT('',(-302.7,-217.1052631578,18.75));
#2649 = DIRECTION('',(0.,0.,-1.));
#2650 = DIRECTION('',(-1.,0.,0.));
#2651 = ADVANCED_FACE('',(#2652),#2655,.T.);
#2652 = FACE_BOUND('',#2653,.T.);
#2653 = EDGE_LOOP('',(#2654));
#2654 = ORIENTED_EDGE('',*,*,#2622,.T.);
#2655 = PLANE('',#2656);
#2656 = AXIS2_PLACEMENT_3D('',#2657,#2658,#2659);
#2657 = CARTESIAN_POINT('',(-302.7,-217.1052631578,-15.78947368421));
#2658 = DIRECTION('',(0.,0.,-1.));
#2659 = DIRECTION('',(-1.,0.,0.));
#2660 = ADVANCED_FACE('',(#2661),#2664,.F.);
#2661 = FACE_BOUND('',#2662,.T.);
#2662 = EDGE_LOOP('',(#2663));
#2663 = ORIENTED_EDGE('',*,*,#2639,.F.);
#2664 = PLANE('',#2665);
#2665 = AXIS2_PLACEMENT_3D('',#2666,#2667,#2668);
#2666 = CARTESIAN_POINT('',(-302.7,-217.1052631578,18.75));
#2667 = DIRECTION('',(0.,0.,-1.));
#2668 = DIRECTION('',(-1.,0.,0.));
#2669 = MANIFOLD_SOLID_BREP('',#2670);
#2670 = CLOSED_SHELL('',(#2671));
#2671 = ADVANCED_FACE('',(#2672),#2676,.T.);
#2672 = FACE_BOUND('',#2673,.T.);
#2673 = VERTEX_LOOP('',#2674);
#2674 = VERTEX_POINT('',#2675);
#2675 = CARTESIAN_POINT('',(-258.2921052631,-217.1052631578,
    -15.78947368421));
#2676 = ( BOUNDED_SURFACE() B_SPLINE_SURFACE(14,4,(
    (#2677,#2678,#2679,#2680,#2681)
    ,(#2682,#2683,#2684,#2685,#2686)
    ,(#2687,#2688,#2689,#2690,#2691)
    ,(#2692,#2693,#2694,#2695,#2696)
    ,(#2697,#2698,#2699,#2700,#2701)
    ,(#2702,#2703,#2704,#2705,#2706)
    ,(#2707,#2708,#2709,#2710,#2711)
    ,(#2712,#2713,#2714,#2715,#2716)
    ,(#2717,#2718,#2719,#2720,#2721)
    ,(#2722,#2723,#2724,#2725,#2726)
    ,(#2727,#2728,#2729,#2730,#2731)
    ,(#2732,#2733,#2734,#2735,#2736)
    ,(#2737,#2738,#2739,#2740,#2741)
    ,(#2742,#2743,#2744,#2745,#2746)
    ,(#2747,#2748,#2749,#2750,#2751
)),.UNSPECIFIED.,.T.,.F.,.F.) B_SPLINE_SURFACE_WITH_KNOTS((15,15),(5,5),
  (0.,1.),(0.,1.),.PIECEWISE_BEZIER_KNOTS.) 
GEOMETRIC_REPRESENTATION_ITEM() RATIONAL_B_SPLINE_SURFACE((
    (1.,1.,1.,1.,1.)
    ,(1.,1.,1.,1.,1.)
    ,(1.,1.,1.,1.,1.)
    ,(1.,1.,1.,1.,1.)
    ,(1.,1.,1.,1.,1.)
    ,(1.,1.,1.,1.,1.)
    ,(1.,1.,1.,1.,1.)
    ,(1.,1.,1.,1.,1.)
    ,(1.,1.,1.,1.,1.)
    ,(1.,1.,1.,1.,1.)
    ,(1.,1.,1.,1.,1.)
    ,(1.,1.,1.,1.,1.)
    ,(1.,1.,1.,1.,1.)
    ,(1.,1.,1.,1.,1.)
,(1.,1.,1.,1.,1.))) REPRESENTATION_ITEM('') SURFACE() );
#2677 = CARTESIAN_POINT('',(-347.1078947368,-217.1052631578,
    -15.78947368421));
#2678 = CARTESIAN_POINT('',(-335.8471273574,-217.1052631578,
    -47.68048338583));
#2679 = CARTESIAN_POINT('',(-302.7,-217.1052631578,-7.478653731174));
#2680 = CARTESIAN_POINT('',(-269.5528726425,-217.1052631578,
    -47.68048338583));
#2681 = CARTESIAN_POINT('',(-258.2921052631,-217.1052631578,
    -15.78947368421));
#2682 = CARTESIAN_POINT('',(-347.1078947368,-217.1052631578,
    -15.78947368421));
#2683 = CARTESIAN_POINT('',(-335.8471273574,-202.792611473,
    -47.68048338583));
#2684 = CARTESIAN_POINT('',(-302.7,-220.8351504307,-7.478653731173));
#2685 = CARTESIAN_POINT('',(-269.5528726425,-202.792611473,
    -47.68048338583));
#2686 = CARTESIAN_POINT('',(-258.2921052631,-217.1052631578,
    -15.78947368421));
#2687 = CARTESIAN_POINT('',(-347.1078947368,-217.1052631578,
    -15.78947368421));
#2688 = CARTESIAN_POINT('',(-335.8471273574,-188.479954505,
    -40.76286538838));
#2689 = CARTESIAN_POINT('',(-302.7,-224.5650390803,-9.281389932333));
#2690 = CARTESIAN_POINT('',(-269.5528726425,-188.479954505,
    -40.76286538838));
#2691 = CARTESIAN_POINT('',(-258.2921052631,-217.1052631578,
    -15.78947368421));
#2692 = CARTESIAN_POINT('',(-347.1078947368,-217.1052631578,
    -15.78947368421));
#2693 = CARTESIAN_POINT('',(-335.8471273574,-177.7894094159,
    -26.92762055002));
#2694 = CARTESIAN_POINT('',(-302.7,-227.3510027818,-12.88686463926));
#2695 = CARTESIAN_POINT('',(-269.5528726425,-177.7894094159,
    -26.92762055002));
#2696 = CARTESIAN_POINT('',(-258.2921052631,-217.1052631578,
    -15.78947368421));
#2697 = CARTESIAN_POINT('',(-347.1078947368,-217.1052631578,
    -15.78947368421));
#2698 = CARTESIAN_POINT('',(-335.8471273574,-174.3426849205,
    -8.243722274098));
#2699 = CARTESIAN_POINT('',(-302.7,-228.2492216522,-17.75590190227));
#2700 = CARTESIAN_POINT('',(-269.5528726425,-174.3426849205,
    -8.243722274098));
#2701 = CARTESIAN_POINT('',(-258.2921052631,-217.1052631578,
    -15.78947368421));
#2702 = CARTESIAN_POINT('',(-347.1078947368,-217.1052631578,
    -15.78947368421));
#2703 = CARTESIAN_POINT('',(-335.8471273574,-180.4632309364,
    11.151275097448));
#2704 = CARTESIAN_POINT('',(-302.7,-226.6542029799,-22.81025209854));
#2705 = CARTESIAN_POINT('',(-269.5528726425,-180.4632309364,
    11.151275097448));
#2706 = CARTESIAN_POINT('',(-258.2921052631,-217.1052631578,
    -15.78947368421));
#2707 = CARTESIAN_POINT('',(-347.1078947368,-217.1052631578,
    -15.78947368421));
#2708 = CARTESIAN_POINT('',(-335.8471273574,-195.869510341,
    25.957187923148));
#2709 = CARTESIAN_POINT('',(-302.7,-222.6393155406,-26.66868357769));
#2710 = CARTESIAN_POINT('',(-269.5528726425,-195.869510341,
    25.957187923148));
#2711 = CARTESIAN_POINT('',(-258.2921052631,-217.1052631578,
    -15.78947368421));
#2712 = CARTESIAN_POINT('',(-347.1078947368,-217.1052631578,
    -15.78947368421));
#2713 = CARTESIAN_POINT('',(-335.8471273574,-217.1052631574,
    31.531318659322));
#2714 = CARTESIAN_POINT('',(-302.7,-217.105263158,-28.12130603701));
#2715 = CARTESIAN_POINT('',(-269.5528726425,-217.1052631574,
    31.531318659322));
#2716 = CARTESIAN_POINT('',(-258.2921052631,-217.1052631578,
    -15.78947368421));
#2717 = CARTESIAN_POINT('',(-347.1078947368,-217.1052631578,
    -15.78947368421));
#2718 = CARTESIAN_POINT('',(-335.8471273574,-238.3410159755,
    25.957187923166));
#2719 = CARTESIAN_POINT('',(-302.7,-211.5712107749,-26.6686835777));
#2720 = CARTESIAN_POINT('',(-269.5528726425,-238.3410159755,
    25.957187923166));
#2721 = CARTESIAN_POINT('',(-258.2921052631,-217.1052631578,
    -15.78947368421));
#2722 = CARTESIAN_POINT('',(-347.1078947368,-217.1052631578,
    -15.78947368421));
#2723 = CARTESIAN_POINT('',(-335.8471273574,-253.7472953786,
    11.151275097422));
#2724 = CARTESIAN_POINT('',(-302.7,-207.5563233359,-22.81025209853));
#2725 = CARTESIAN_POINT('',(-269.5528726425,-253.7472953786,
    11.151275097422));
#2726 = CARTESIAN_POINT('',(-258.2921052631,-217.1052631578,
    -15.78947368421));
#2727 = CARTESIAN_POINT('',(-347.1078947368,-217.1052631578,
    -15.78947368421));
#2728 = CARTESIAN_POINT('',(-335.8471273574,-259.8678413956,
    -8.243722274075));
#2729 = CARTESIAN_POINT('',(-302.7,-205.9613046634,-17.75590190228));
#2730 = CARTESIAN_POINT('',(-269.5528726425,-259.8678413956,
    -8.243722274075));
#2731 = CARTESIAN_POINT('',(-258.2921052631,-217.1052631578,
    -15.78947368421));
#2732 = CARTESIAN_POINT('',(-347.1078947368,-217.1052631578,
    -15.78947368421));
#2733 = CARTESIAN_POINT('',(-335.8471273574,-256.4211168996,
    -26.92762055004));
#2734 = CARTESIAN_POINT('',(-302.7,-206.8595235339,-12.88686463926));
#2735 = CARTESIAN_POINT('',(-269.5528726425,-256.4211168996,
    -26.92762055004));
#2736 = CARTESIAN_POINT('',(-258.2921052631,-217.1052631578,
    -15.78947368421));
#2737 = CARTESIAN_POINT('',(-347.1078947368,-217.1052631578,
    -15.78947368421));
#2738 = CARTESIAN_POINT('',(-335.8471273574,-245.7305718108,
    -40.76286538838));
#2739 = CARTESIAN_POINT('',(-302.7,-209.6454872354,-9.281389932335));
#2740 = CARTESIAN_POINT('',(-269.5528726425,-245.7305718108,
    -40.76286538838));
#2741 = CARTESIAN_POINT('',(-258.2921052631,-217.1052631578,
    -15.78947368421));
#2742 = CARTESIAN_POINT('',(-347.1078947368,-217.1052631578,
    -15.78947368421));
#2743 = CARTESIAN_POINT('',(-335.8471273574,-231.4179148427,
    -47.68048338583));
#2744 = CARTESIAN_POINT('',(-302.7,-213.375375885,-7.478653731172));
#2745 = CARTESIAN_POINT('',(-269.5528726425,-231.4179148427,
    -47.68048338583));
#2746 = CARTESIAN_POINT('',(-258.2921052631,-217.1052631578,
    -15.78947368421));
#2747 = CARTESIAN_POINT('',(-347.1078947368,-217.1052631578,
    -15.78947368421));
#2748 = CARTESIAN_POINT('',(-335.8471273574,-217.1052631578,
    -47.68048338583));
#2749 = CARTESIAN_POINT('',(-302.7,-217.1052631578,-7.478653731174));
#2750 = CARTESIAN_POINT('',(-269.5528726425,-217.1052631578,
    -47.68048338583));
#2751 = CARTESIAN_POINT('',(-258.2921052631,-217.1052631578,
    -15.78947368421));
#2752 = MANIFOLD_SOLID_BREP('',#2753);
#2753 = CLOSED_SHELL('',(#2754,#2794,#2825,#2849,#2873,#2890,#2921,#2952
    ,#2983,#3014,#3038,#3062,#3079,#3103,#3134,#3158,#3175,#3206,#3223,
    #3240,#3257,#3274));
#2754 = ADVANCED_FACE('',(#2755),#2789,.F.);
#2755 = FACE_BOUND('',#2756,.F.);
#2756 = EDGE_LOOP('',(#2757,#2767,#2775,#2783));
#2757 = ORIENTED_EDGE('',*,*,#2758,.F.);
#2758 = EDGE_CURVE('',#2759,#2761,#2763,.T.);
#2759 = VERTEX_POINT('',#2760);
#2760 = CARTESIAN_POINT('',(-448.2592105263,-228.75,-16.78947368421));
#2761 = VERTEX_POINT('',#2762);
#2762 = CARTESIAN_POINT('',(-448.2592105263,-228.75,-14.78947368421));
#2763 = LINE('',#2764,#2765);
#2764 = CARTESIAN_POINT('',(-448.2592105263,-228.75,-16.78947368421));
#2765 = VECTOR('',#2766,1.);
#2766 = DIRECTION('',(0.,0.,1.));
#2767 = ORIENTED_EDGE('',*,*,#2768,.T.);
#2768 = EDGE_CURVE('',#2759,#2769,#2771,.T.);
#2769 = VERTEX_POINT('',#2770);
#2770 = CARTESIAN_POINT('',(-448.2592105263,-205.4605263157,
    -16.78947368421));
#2771 = LINE('',#2772,#2773);
#2772 = CARTESIAN_POINT('',(-448.2592105263,-228.75,-16.78947368421));
#2773 = VECTOR('',#2774,1.);
#2774 = DIRECTION('',(0.,1.,0.));
#2775 = ORIENTED_EDGE('',*,*,#2776,.T.);
#2776 = EDGE_CURVE('',#2769,#2777,#2779,.T.);
#2777 = VERTEX_POINT('',#2778);
#2778 = CARTESIAN_POINT('',(-448.2592105263,-205.4605263157,
    -14.78947368421));
#2779 = LINE('',#2780,#2781);
#2780 = CARTESIAN_POINT('',(-448.2592105263,-205.4605263157,
    -16.78947368421));
#2781 = VECTOR('',#2782,1.);
#2782 = DIRECTION('',(0.,0.,1.));
#2783 = ORIENTED_EDGE('',*,*,#2784,.F.);
#2784 = EDGE_CURVE('',#2761,#2777,#2785,.T.);
#2785 = LINE('',#2786,#2787);
#2786 = CARTESIAN_POINT('',(-448.2592105263,-228.75,-14.78947368421));
#2787 = VECTOR('',#2788,1.);
#2788 = DIRECTION('',(0.,1.,0.));
#2789 = PLANE('',#2790);
#2790 = AXIS2_PLACEMENT_3D('',#2791,#2792,#2793);
#2791 = CARTESIAN_POINT('',(-448.2592105263,-228.75,-16.78947368421));
#2792 = DIRECTION('',(1.,0.,0.));
#2793 = DIRECTION('',(0.,0.,1.));
#2794 = ADVANCED_FACE('',(#2795),#2820,.F.);
#2795 = FACE_BOUND('',#2796,.F.);
#2796 = EDGE_LOOP('',(#2797,#2805,#2806,#2814));
#2797 = ORIENTED_EDGE('',*,*,#2798,.F.);
#2798 = EDGE_CURVE('',#2759,#2799,#2801,.T.);
#2799 = VERTEX_POINT('',#2800);
#2800 = CARTESIAN_POINT('',(-314.3447368421,-228.75,-16.78947368421));
#2801 = LINE('',#2802,#2803);
#2802 = CARTESIAN_POINT('',(-448.2592105263,-228.75,-16.78947368421));
#2803 = VECTOR('',#2804,1.);
#2804 = DIRECTION('',(1.,0.,0.));
#2805 = ORIENTED_EDGE('',*,*,#2758,.T.);
#2806 = ORIENTED_EDGE('',*,*,#2807,.T.);
#2807 = EDGE_CURVE('',#2761,#2808,#2810,.T.);
#2808 = VERTEX_POINT('',#2809);
#2809 = CARTESIAN_POINT('',(-314.3447368421,-228.75,-14.78947368421));
#2810 = LINE('',#2811,#2812);
#2811 = CARTESIAN_POINT('',(-448.2592105263,-228.75,-14.78947368421));
#2812 = VECTOR('',#2813,1.);
#2813 = DIRECTION('',(1.,0.,0.));
#2814 = ORIENTED_EDGE('',*,*,#2815,.F.);
#2815 = EDGE_CURVE('',#2799,#2808,#2816,.T.);
#2816 = LINE('',#2817,#2818);
#2817 = CARTESIAN_POINT('',(-314.3447368421,-228.75,-16.78947368421));
#2818 = VECTOR('',#2819,1.);
#2819 = DIRECTION('',(0.,0.,1.));
#2820 = PLANE('',#2821);
#2821 = AXIS2_PLACEMENT_3D('',#2822,#2823,#2824);
#2822 = CARTESIAN_POINT('',(-448.2592105263,-228.75,-16.78947368421));
#2823 = DIRECTION('',(0.,1.,0.));
#2824 = DIRECTION('',(0.,0.,1.));
#2825 = ADVANCED_FACE('',(#2826),#2844,.T.);
#2826 = FACE_BOUND('',#2827,.T.);
#2827 = EDGE_LOOP('',(#2828,#2836,#2837,#2838));
#2828 = ORIENTED_EDGE('',*,*,#2829,.F.);
#2829 = EDGE_CURVE('',#2777,#2830,#2832,.T.);
#2830 = VERTEX_POINT('',#2831);
#2831 = CARTESIAN_POINT('',(-314.3447368421,-205.4605263157,
    -14.78947368421));
#2832 = LINE('',#2833,#2834);
#2833 = CARTESIAN_POINT('',(-448.2592105263,-205.4605263157,
    -14.78947368421));
#2834 = VECTOR('',#2835,1.);
#2835 = DIRECTION('',(1.,0.,0.));
#2836 = ORIENTED_EDGE('',*,*,#2784,.F.);
#2837 = ORIENTED_EDGE('',*,*,#2807,.T.);
#2838 = ORIENTED_EDGE('',*,*,#2839,.T.);
#2839 = EDGE_CURVE('',#2808,#2830,#2840,.T.);
#2840 = LINE('',#2841,#2842);
#2841 = CARTESIAN_POINT('',(-314.3447368421,-362.6644736842,
    -14.78947368421));
#2842 = VECTOR('',#2843,1.);
#2843 = DIRECTION('',(1.110223024625E-16,1.,0.));
#2844 = PLANE('',#2845);
#2845 = AXIS2_PLACEMENT_3D('',#2846,#2847,#2848);
#2846 = CARTESIAN_POINT('',(-448.2592105263,-228.75,-14.78947368421));
#2847 = DIRECTION('',(0.,0.,1.));
#2848 = DIRECTION('',(1.,0.,0.));
#2849 = ADVANCED_FACE('',(#2850),#2868,.T.);
#2850 = FACE_BOUND('',#2851,.T.);
#2851 = EDGE_LOOP('',(#2852,#2860,#2861,#2862));
#2852 = ORIENTED_EDGE('',*,*,#2853,.F.);
#2853 = EDGE_CURVE('',#2769,#2854,#2856,.T.);
#2854 = VERTEX_POINT('',#2855);
#2855 = CARTESIAN_POINT('',(-314.3447368421,-205.4605263157,
    -16.78947368421));
#2856 = LINE('',#2857,#2858);
#2857 = CARTESIAN_POINT('',(-448.2592105263,-205.4605263157,
    -16.78947368421));
#2858 = VECTOR('',#2859,1.);
#2859 = DIRECTION('',(1.,0.,0.));
#2860 = ORIENTED_EDGE('',*,*,#2776,.T.);
#2861 = ORIENTED_EDGE('',*,*,#2829,.T.);
#2862 = ORIENTED_EDGE('',*,*,#2863,.F.);
#2863 = EDGE_CURVE('',#2854,#2830,#2864,.T.);
#2864 = LINE('',#2865,#2866);
#2865 = CARTESIAN_POINT('',(-314.3447368421,-205.4605263157,
    -16.78947368421));
#2866 = VECTOR('',#2867,1.);
#2867 = DIRECTION('',(0.,0.,1.));
#2868 = PLANE('',#2869);
#2869 = AXIS2_PLACEMENT_3D('',#2870,#2871,#2872);
#2870 = CARTESIAN_POINT('',(-448.2592105263,-205.4605263157,
    -16.78947368421));
#2871 = DIRECTION('',(0.,1.,0.));
#2872 = DIRECTION('',(0.,0.,1.));
#2873 = ADVANCED_FACE('',(#2874),#2885,.F.);
#2874 = FACE_BOUND('',#2875,.F.);
#2875 = EDGE_LOOP('',(#2876,#2877,#2878,#2879));
#2876 = ORIENTED_EDGE('',*,*,#2853,.F.);
#2877 = ORIENTED_EDGE('',*,*,#2768,.F.);
#2878 = ORIENTED_EDGE('',*,*,#2798,.T.);
#2879 = ORIENTED_EDGE('',*,*,#2880,.T.);
#2880 = EDGE_CURVE('',#2799,#2854,#2881,.T.);
#2881 = LINE('',#2882,#2883);
#2882 = CARTESIAN_POINT('',(-314.3447368421,-362.6644736842,
    -16.78947368421));
#2883 = VECTOR('',#2884,1.);
#2884 = DIRECTION('',(1.110223024625E-16,1.,0.));
#2885 = PLANE('',#2886);
#2886 = AXIS2_PLACEMENT_3D('',#2887,#2888,#2889);
#2887 = CARTESIAN_POINT('',(-448.2592105263,-228.75,-16.78947368421));
#2888 = DIRECTION('',(0.,0.,1.));
#2889 = DIRECTION('',(1.,0.,0.));
#2890 = ADVANCED_FACE('',(#2891),#2916,.T.);
#2891 = FACE_BOUND('',#2892,.T.);
#2892 = EDGE_LOOP('',(#2893,#2901,#2909,#2915));
#2893 = ORIENTED_EDGE('',*,*,#2894,.F.);
#2894 = EDGE_CURVE('',#2895,#2799,#2897,.T.);
#2895 = VERTEX_POINT('',#2896);
#2896 = CARTESIAN_POINT('',(-314.3447368421,-362.6644736842,
    -16.78947368421));
#2897 = LINE('',#2898,#2899);
#2898 = CARTESIAN_POINT('',(-314.3447368421,-362.6644736842,
    -16.78947368421));
#2899 = VECTOR('',#2900,1.);
#2900 = DIRECTION('',(1.110223024625E-16,1.,0.));
#2901 = ORIENTED_EDGE('',*,*,#2902,.T.);
#2902 = EDGE_CURVE('',#2895,#2903,#2905,.T.);
#2903 = VERTEX_POINT('',#2904);
#2904 = CARTESIAN_POINT('',(-314.3447368421,-362.6644736842,
    -14.78947368421));
#2905 = LINE('',#2906,#2907);
#2906 = CARTESIAN_POINT('',(-314.3447368421,-362.6644736842,
    -16.78947368421));
#2907 = VECTOR('',#2908,1.);
#2908 = DIRECTION('',(0.,0.,1.));
#2909 = ORIENTED_EDGE('',*,*,#2910,.T.);
#2910 = EDGE_CURVE('',#2903,#2808,#2911,.T.);
#2911 = LINE('',#2912,#2913);
#2912 = CARTESIAN_POINT('',(-314.3447368421,-362.6644736842,
    -14.78947368421));
#2913 = VECTOR('',#2914,1.);
#2914 = DIRECTION('',(1.110223024625E-16,1.,0.));
#2915 = ORIENTED_EDGE('',*,*,#2815,.F.);
#2916 = PLANE('',#2917);
#2917 = AXIS2_PLACEMENT_3D('',#2918,#2919,#2920);
#2918 = CARTESIAN_POINT('',(-314.3447368421,-362.6644736842,
    -16.78947368421));
#2919 = DIRECTION('',(-1.,1.110223024625E-16,0.));
#2920 = DIRECTION('',(0.,0.,1.));
#2921 = ADVANCED_FACE('',(#2922),#2947,.T.);
#2922 = FACE_BOUND('',#2923,.T.);
#2923 = EDGE_LOOP('',(#2924,#2932,#2933,#2941));
#2924 = ORIENTED_EDGE('',*,*,#2925,.F.);
#2925 = EDGE_CURVE('',#2830,#2926,#2928,.T.);
#2926 = VERTEX_POINT('',#2927);
#2927 = CARTESIAN_POINT('',(-291.0552631578,-205.4605263157,
    -14.78947368421));
#2928 = LINE('',#2929,#2930);
#2929 = CARTESIAN_POINT('',(-448.2592105263,-205.4605263157,
    -14.78947368421));
#2930 = VECTOR('',#2931,1.);
#2931 = DIRECTION('',(1.,0.,0.));
#2932 = ORIENTED_EDGE('',*,*,#2839,.F.);
#2933 = ORIENTED_EDGE('',*,*,#2934,.T.);
#2934 = EDGE_CURVE('',#2808,#2935,#2937,.T.);
#2935 = VERTEX_POINT('',#2936);
#2936 = CARTESIAN_POINT('',(-291.0552631578,-228.75,-14.78947368421));
#2937 = LINE('',#2938,#2939);
#2938 = CARTESIAN_POINT('',(-448.2592105263,-228.75,-14.78947368421));
#2939 = VECTOR('',#2940,1.);
#2940 = DIRECTION('',(1.,0.,0.));
#2941 = ORIENTED_EDGE('',*,*,#2942,.T.);
#2942 = EDGE_CURVE('',#2935,#2926,#2943,.T.);
#2943 = LINE('',#2944,#2945);
#2944 = CARTESIAN_POINT('',(-291.0552631578,-362.6644736842,
    -14.78947368421));
#2945 = VECTOR('',#2946,1.);
#2946 = DIRECTION('',(1.110223024625E-16,1.,0.));
#2947 = PLANE('',#2948);
#2948 = AXIS2_PLACEMENT_3D('',#2949,#2950,#2951);
#2949 = CARTESIAN_POINT('',(-448.2592105263,-228.75,-14.78947368421));
#2950 = DIRECTION('',(0.,0.,1.));
#2951 = DIRECTION('',(1.,0.,0.));
#2952 = ADVANCED_FACE('',(#2953),#2978,.T.);
#2953 = FACE_BOUND('',#2954,.T.);
#2954 = EDGE_LOOP('',(#2955,#2963,#2964,#2972));
#2955 = ORIENTED_EDGE('',*,*,#2956,.F.);
#2956 = EDGE_CURVE('',#2854,#2957,#2959,.T.);
#2957 = VERTEX_POINT('',#2958);
#2958 = CARTESIAN_POINT('',(-314.3447368421,-71.54605263157,
    -16.78947368421));
#2959 = LINE('',#2960,#2961);
#2960 = CARTESIAN_POINT('',(-314.3447368421,-362.6644736842,
    -16.78947368421));
#2961 = VECTOR('',#2962,1.);
#2962 = DIRECTION('',(1.110223024625E-16,1.,0.));
#2963 = ORIENTED_EDGE('',*,*,#2863,.T.);
#2964 = ORIENTED_EDGE('',*,*,#2965,.T.);
#2965 = EDGE_CURVE('',#2830,#2966,#2968,.T.);
#2966 = VERTEX_POINT('',#2967);
#2967 = CARTESIAN_POINT('',(-314.3447368421,-71.54605263157,
    -14.78947368421));
#2968 = LINE('',#2969,#2970);
#2969 = CARTESIAN_POINT('',(-314.3447368421,-362.6644736842,
    -14.78947368421));
#2970 = VECTOR('',#2971,1.);
#2971 = DIRECTION('',(1.110223024625E-16,1.,0.));
#2972 = ORIENTED_EDGE('',*,*,#2973,.F.);
#2973 = EDGE_CURVE('',#2957,#2966,#2974,.T.);
#2974 = LINE('',#2975,#2976);
#2975 = CARTESIAN_POINT('',(-314.3447368421,-71.54605263157,
    -16.78947368421));
#2976 = VECTOR('',#2977,1.);
#2977 = DIRECTION('',(0.,0.,1.));
#2978 = PLANE('',#2979);
#2979 = AXIS2_PLACEMENT_3D('',#2980,#2981,#2982);
#2980 = CARTESIAN_POINT('',(-314.3447368421,-362.6644736842,
    -16.78947368421));
#2981 = DIRECTION('',(-1.,1.110223024625E-16,0.));
#2982 = DIRECTION('',(0.,0.,1.));
#2983 = ADVANCED_FACE('',(#2984),#3009,.F.);
#2984 = FACE_BOUND('',#2985,.F.);
#2985 = EDGE_LOOP('',(#2986,#2994,#2995,#3003));
#2986 = ORIENTED_EDGE('',*,*,#2987,.F.);
#2987 = EDGE_CURVE('',#2854,#2988,#2990,.T.);
#2988 = VERTEX_POINT('',#2989);
#2989 = CARTESIAN_POINT('',(-291.0552631578,-205.4605263157,
    -16.78947368421));
#2990 = LINE('',#2991,#2992);
#2991 = CARTESIAN_POINT('',(-448.2592105263,-205.4605263157,
    -16.78947368421));
#2992 = VECTOR('',#2993,1.);
#2993 = DIRECTION('',(1.,0.,0.));
#2994 = ORIENTED_EDGE('',*,*,#2880,.F.);
#2995 = ORIENTED_EDGE('',*,*,#2996,.T.);
#2996 = EDGE_CURVE('',#2799,#2997,#2999,.T.);
#2997 = VERTEX_POINT('',#2998);
#2998 = CARTESIAN_POINT('',(-291.0552631578,-228.75,-16.78947368421));
#2999 = LINE('',#3000,#3001);
#3000 = CARTESIAN_POINT('',(-448.2592105263,-228.75,-16.78947368421));
#3001 = VECTOR('',#3002,1.);
#3002 = DIRECTION('',(1.,0.,0.));
#3003 = ORIENTED_EDGE('',*,*,#3004,.T.);
#3004 = EDGE_CURVE('',#2997,#2988,#3005,.T.);
#3005 = LINE('',#3006,#3007);
#3006 = CARTESIAN_POINT('',(-291.0552631578,-362.6644736842,
    -16.78947368421));
#3007 = VECTOR('',#3008,1.);
#3008 = DIRECTION('',(1.110223024625E-16,1.,0.));
#3009 = PLANE('',#3010);
#3010 = AXIS2_PLACEMENT_3D('',#3011,#3012,#3013);
#3011 = CARTESIAN_POINT('',(-448.2592105263,-228.75,-16.78947368421));
#3012 = DIRECTION('',(0.,0.,1.));
#3013 = DIRECTION('',(1.,0.,0.));
#3014 = ADVANCED_FACE('',(#3015),#3033,.F.);
#3015 = FACE_BOUND('',#3016,.F.);
#3016 = EDGE_LOOP('',(#3017,#3018,#3026,#3032));
#3017 = ORIENTED_EDGE('',*,*,#2894,.F.);
#3018 = ORIENTED_EDGE('',*,*,#3019,.F.);
#3019 = EDGE_CURVE('',#3020,#2895,#3022,.T.);
#3020 = VERTEX_POINT('',#3021);
#3021 = CARTESIAN_POINT('',(-291.0552631578,-362.6644736842,
    -16.78947368421));
#3022 = LINE('',#3023,#3024);
#3023 = CARTESIAN_POINT('',(-291.0552631578,-362.6644736842,
    -16.78947368421));
#3024 = VECTOR('',#3025,1.);
#3025 = DIRECTION('',(-1.,1.110223024625E-16,0.));
#3026 = ORIENTED_EDGE('',*,*,#3027,.T.);
#3027 = EDGE_CURVE('',#3020,#2997,#3028,.T.);
#3028 = LINE('',#3029,#3030);
#3029 = CARTESIAN_POINT('',(-291.0552631578,-362.6644736842,
    -16.78947368421));
#3030 = VECTOR('',#3031,1.);
#3031 = DIRECTION('',(1.110223024625E-16,1.,0.));
#3032 = ORIENTED_EDGE('',*,*,#2996,.F.);
#3033 = PLANE('',#3034);
#3034 = AXIS2_PLACEMENT_3D('',#3035,#3036,#3037);
#3035 = CARTESIAN_POINT('',(-291.0552631578,-362.6644736842,
    -16.78947368421));
#3036 = DIRECTION('',(0.,0.,1.));
#3037 = DIRECTION('',(1.110223024625E-16,1.,0.));
#3038 = ADVANCED_FACE('',(#3039),#3057,.T.);
#3039 = FACE_BOUND('',#3040,.T.);
#3040 = EDGE_LOOP('',(#3041,#3042,#3050,#3056));
#3041 = ORIENTED_EDGE('',*,*,#2910,.F.);
#3042 = ORIENTED_EDGE('',*,*,#3043,.F.);
#3043 = EDGE_CURVE('',#3044,#2903,#3046,.T.);
#3044 = VERTEX_POINT('',#3045);
#3045 = CARTESIAN_POINT('',(-291.0552631578,-362.6644736842,
    -14.78947368421));
#3046 = LINE('',#3047,#3048);
#3047 = CARTESIAN_POINT('',(-291.0552631578,-362.6644736842,
    -14.78947368421));
#3048 = VECTOR('',#3049,1.);
#3049 = DIRECTION('',(-1.,1.110223024625E-16,0.));
#3050 = ORIENTED_EDGE('',*,*,#3051,.T.);
#3051 = EDGE_CURVE('',#3044,#2935,#3052,.T.);
#3052 = LINE('',#3053,#3054);
#3053 = CARTESIAN_POINT('',(-291.0552631578,-362.6644736842,
    -14.78947368421));
#3054 = VECTOR('',#3055,1.);
#3055 = DIRECTION('',(1.110223024625E-16,1.,0.));
#3056 = ORIENTED_EDGE('',*,*,#2934,.F.);
#3057 = PLANE('',#3058);
#3058 = AXIS2_PLACEMENT_3D('',#3059,#3060,#3061);
#3059 = CARTESIAN_POINT('',(-291.0552631578,-362.6644736842,
    -14.78947368421));
#3060 = DIRECTION('',(0.,0.,1.));
#3061 = DIRECTION('',(1.110223024625E-16,1.,0.));
#3062 = ADVANCED_FACE('',(#3063),#3074,.F.);
#3063 = FACE_BOUND('',#3064,.F.);
#3064 = EDGE_LOOP('',(#3065,#3071,#3072,#3073));
#3065 = ORIENTED_EDGE('',*,*,#3066,.F.);
#3066 = EDGE_CURVE('',#3020,#3044,#3067,.T.);
#3067 = LINE('',#3068,#3069);
#3068 = CARTESIAN_POINT('',(-291.0552631578,-362.6644736842,
    -16.78947368421));
#3069 = VECTOR('',#3070,1.);
#3070 = DIRECTION('',(0.,0.,1.));
#3071 = ORIENTED_EDGE('',*,*,#3019,.T.);
#3072 = ORIENTED_EDGE('',*,*,#2902,.T.);
#3073 = ORIENTED_EDGE('',*,*,#3043,.F.);
#3074 = PLANE('',#3075);
#3075 = AXIS2_PLACEMENT_3D('',#3076,#3077,#3078);
#3076 = CARTESIAN_POINT('',(-291.0552631578,-362.6644736842,
    -16.78947368421));
#3077 = DIRECTION('',(1.110223024625E-16,1.,0.));
#3078 = DIRECTION('',(0.,0.,1.));
#3079 = ADVANCED_FACE('',(#3080),#3098,.T.);
#3080 = FACE_BOUND('',#3081,.T.);
#3081 = EDGE_LOOP('',(#3082,#3083,#3084,#3092));
#3082 = ORIENTED_EDGE('',*,*,#2965,.F.);
#3083 = ORIENTED_EDGE('',*,*,#2925,.T.);
#3084 = ORIENTED_EDGE('',*,*,#3085,.T.);
#3085 = EDGE_CURVE('',#2926,#3086,#3088,.T.);
#3086 = VERTEX_POINT('',#3087);
#3087 = CARTESIAN_POINT('',(-291.0552631578,-71.54605263157,
    -14.78947368421));
#3088 = LINE('',#3089,#3090);
#3089 = CARTESIAN_POINT('',(-291.0552631578,-362.6644736842,
    -14.78947368421));
#3090 = VECTOR('',#3091,1.);
#3091 = DIRECTION('',(1.110223024625E-16,1.,0.));
#3092 = ORIENTED_EDGE('',*,*,#3093,.T.);
#3093 = EDGE_CURVE('',#3086,#2966,#3094,.T.);
#3094 = LINE('',#3095,#3096);
#3095 = CARTESIAN_POINT('',(-291.0552631578,-71.54605263157,
    -14.78947368421));
#3096 = VECTOR('',#3097,1.);
#3097 = DIRECTION('',(-1.,1.110223024625E-16,0.));
#3098 = PLANE('',#3099);
#3099 = AXIS2_PLACEMENT_3D('',#3100,#3101,#3102);
#3100 = CARTESIAN_POINT('',(-291.0552631578,-362.6644736842,
    -14.78947368421));
#3101 = DIRECTION('',(0.,0.,1.));
#3102 = DIRECTION('',(1.110223024625E-16,1.,0.));
#3103 = ADVANCED_FACE('',(#3104),#3129,.T.);
#3104 = FACE_BOUND('',#3105,.T.);
#3105 = EDGE_LOOP('',(#3106,#3114,#3115,#3123));
#3106 = ORIENTED_EDGE('',*,*,#3107,.F.);
#3107 = EDGE_CURVE('',#2926,#3108,#3110,.T.);
#3108 = VERTEX_POINT('',#3109);
#3109 = CARTESIAN_POINT('',(-157.1407894736,-205.4605263157,
    -14.78947368421));
#3110 = LINE('',#3111,#3112);
#3111 = CARTESIAN_POINT('',(-448.2592105263,-205.4605263157,
    -14.78947368421));
#3112 = VECTOR('',#3113,1.);
#3113 = DIRECTION('',(1.,0.,0.));
#3114 = ORIENTED_EDGE('',*,*,#2942,.F.);
#3115 = ORIENTED_EDGE('',*,*,#3116,.T.);
#3116 = EDGE_CURVE('',#2935,#3117,#3119,.T.);
#3117 = VERTEX_POINT('',#3118);
#3118 = CARTESIAN_POINT('',(-157.1407894736,-228.75,-14.78947368421));
#3119 = LINE('',#3120,#3121);
#3120 = CARTESIAN_POINT('',(-448.2592105263,-228.75,-14.78947368421));
#3121 = VECTOR('',#3122,1.);
#3122 = DIRECTION('',(1.,0.,0.));
#3123 = ORIENTED_EDGE('',*,*,#3124,.T.);
#3124 = EDGE_CURVE('',#3117,#3108,#3125,.T.);
#3125 = LINE('',#3126,#3127);
#3126 = CARTESIAN_POINT('',(-157.1407894736,-228.75,-14.78947368421));
#3127 = VECTOR('',#3128,1.);
#3128 = DIRECTION('',(0.,1.,0.));
#3129 = PLANE('',#3130);
#3130 = AXIS2_PLACEMENT_3D('',#3131,#3132,#3133);
#3131 = CARTESIAN_POINT('',(-448.2592105263,-228.75,-14.78947368421));
#3132 = DIRECTION('',(0.,0.,1.));
#3133 = DIRECTION('',(1.,0.,0.));
#3134 = ADVANCED_FACE('',(#3135),#3153,.F.);
#3135 = FACE_BOUND('',#3136,.F.);
#3136 = EDGE_LOOP('',(#3137,#3138,#3139,#3147));
#3137 = ORIENTED_EDGE('',*,*,#2956,.F.);
#3138 = ORIENTED_EDGE('',*,*,#2987,.T.);
#3139 = ORIENTED_EDGE('',*,*,#3140,.T.);
#3140 = EDGE_CURVE('',#2988,#3141,#3143,.T.);
#3141 = VERTEX_POINT('',#3142);
#3142 = CARTESIAN_POINT('',(-291.0552631578,-71.54605263157,
    -16.78947368421));
#3143 = LINE('',#3144,#3145);
#3144 = CARTESIAN_POINT('',(-291.0552631578,-362.6644736842,
    -16.78947368421));
#3145 = VECTOR('',#3146,1.);
#3146 = DIRECTION('',(1.110223024625E-16,1.,0.));
#3147 = ORIENTED_EDGE('',*,*,#3148,.T.);
#3148 = EDGE_CURVE('',#3141,#2957,#3149,.T.);
#3149 = LINE('',#3150,#3151);
#3150 = CARTESIAN_POINT('',(-291.0552631578,-71.54605263157,
    -16.78947368421));
#3151 = VECTOR('',#3152,1.);
#3152 = DIRECTION('',(-1.,1.110223024625E-16,0.));
#3153 = PLANE('',#3154);
#3154 = AXIS2_PLACEMENT_3D('',#3155,#3156,#3157);
#3155 = CARTESIAN_POINT('',(-291.0552631578,-362.6644736842,
    -16.78947368421));
#3156 = DIRECTION('',(0.,0.,1.));
#3157 = DIRECTION('',(1.110223024625E-16,1.,0.));
#3158 = ADVANCED_FACE('',(#3159),#3170,.T.);
#3159 = FACE_BOUND('',#3160,.T.);
#3160 = EDGE_LOOP('',(#3161,#3167,#3168,#3169));
#3161 = ORIENTED_EDGE('',*,*,#3162,.F.);
#3162 = EDGE_CURVE('',#3141,#3086,#3163,.T.);
#3163 = LINE('',#3164,#3165);
#3164 = CARTESIAN_POINT('',(-291.0552631578,-71.54605263157,
    -16.78947368421));
#3165 = VECTOR('',#3166,1.);
#3166 = DIRECTION('',(0.,0.,1.));
#3167 = ORIENTED_EDGE('',*,*,#3148,.T.);
#3168 = ORIENTED_EDGE('',*,*,#2973,.T.);
#3169 = ORIENTED_EDGE('',*,*,#3093,.F.);
#3170 = PLANE('',#3171);
#3171 = AXIS2_PLACEMENT_3D('',#3172,#3173,#3174);
#3172 = CARTESIAN_POINT('',(-291.0552631578,-71.54605263157,
    -16.78947368421));
#3173 = DIRECTION('',(1.110223024625E-16,1.,0.));
#3174 = DIRECTION('',(0.,0.,1.));
#3175 = ADVANCED_FACE('',(#3176),#3201,.F.);
#3176 = FACE_BOUND('',#3177,.F.);
#3177 = EDGE_LOOP('',(#3178,#3186,#3187,#3195));
#3178 = ORIENTED_EDGE('',*,*,#3179,.F.);
#3179 = EDGE_CURVE('',#2988,#3180,#3182,.T.);
#3180 = VERTEX_POINT('',#3181);
#3181 = CARTESIAN_POINT('',(-157.1407894736,-205.4605263157,
    -16.78947368421));
#3182 = LINE('',#3183,#3184);
#3183 = CARTESIAN_POINT('',(-448.2592105263,-205.4605263157,
    -16.78947368421));
#3184 = VECTOR('',#3185,1.);
#3185 = DIRECTION('',(1.,0.,0.));
#3186 = ORIENTED_EDGE('',*,*,#3004,.F.);
#3187 = ORIENTED_EDGE('',*,*,#3188,.T.);
#3188 = EDGE_CURVE('',#2997,#3189,#3191,.T.);
#3189 = VERTEX_POINT('',#3190);
#3190 = CARTESIAN_POINT('',(-157.1407894736,-228.75,-16.78947368421));
#3191 = LINE('',#3192,#3193);
#3192 = CARTESIAN_POINT('',(-448.2592105263,-228.75,-16.78947368421));
#3193 = VECTOR('',#3194,1.);
#3194 = DIRECTION('',(1.,0.,0.));
#3195 = ORIENTED_EDGE('',*,*,#3196,.T.);
#3196 = EDGE_CURVE('',#3189,#3180,#3197,.T.);
#3197 = LINE('',#3198,#3199);
#3198 = CARTESIAN_POINT('',(-157.1407894736,-228.75,-16.78947368421));
#3199 = VECTOR('',#3200,1.);
#3200 = DIRECTION('',(0.,1.,0.));
#3201 = PLANE('',#3202);
#3202 = AXIS2_PLACEMENT_3D('',#3203,#3204,#3205);
#3203 = CARTESIAN_POINT('',(-448.2592105263,-228.75,-16.78947368421));
#3204 = DIRECTION('',(0.,0.,1.));
#3205 = DIRECTION('',(1.,0.,0.));
#3206 = ADVANCED_FACE('',(#3207),#3218,.F.);
#3207 = FACE_BOUND('',#3208,.F.);
#3208 = EDGE_LOOP('',(#3209,#3210,#3211,#3212));
#3209 = ORIENTED_EDGE('',*,*,#3027,.F.);
#3210 = ORIENTED_EDGE('',*,*,#3066,.T.);
#3211 = ORIENTED_EDGE('',*,*,#3051,.T.);
#3212 = ORIENTED_EDGE('',*,*,#3213,.F.);
#3213 = EDGE_CURVE('',#2997,#2935,#3214,.T.);
#3214 = LINE('',#3215,#3216);
#3215 = CARTESIAN_POINT('',(-291.0552631578,-228.75,-16.78947368421));
#3216 = VECTOR('',#3217,1.);
#3217 = DIRECTION('',(0.,0.,1.));
#3218 = PLANE('',#3219);
#3219 = AXIS2_PLACEMENT_3D('',#3220,#3221,#3222);
#3220 = CARTESIAN_POINT('',(-291.0552631578,-362.6644736842,
    -16.78947368421));
#3221 = DIRECTION('',(-1.,1.110223024625E-16,0.));
#3222 = DIRECTION('',(0.,0.,1.));
#3223 = ADVANCED_FACE('',(#3224),#3235,.F.);
#3224 = FACE_BOUND('',#3225,.F.);
#3225 = EDGE_LOOP('',(#3226,#3227,#3233,#3234));
#3226 = ORIENTED_EDGE('',*,*,#3140,.F.);
#3227 = ORIENTED_EDGE('',*,*,#3228,.T.);
#3228 = EDGE_CURVE('',#2988,#2926,#3229,.T.);
#3229 = LINE('',#3230,#3231);
#3230 = CARTESIAN_POINT('',(-291.0552631578,-205.4605263157,
    -16.78947368421));
#3231 = VECTOR('',#3232,1.);
#3232 = DIRECTION('',(0.,0.,1.));
#3233 = ORIENTED_EDGE('',*,*,#3085,.T.);
#3234 = ORIENTED_EDGE('',*,*,#3162,.F.);
#3235 = PLANE('',#3236);
#3236 = AXIS2_PLACEMENT_3D('',#3237,#3238,#3239);
#3237 = CARTESIAN_POINT('',(-291.0552631578,-362.6644736842,
    -16.78947368421));
#3238 = DIRECTION('',(-1.,1.110223024625E-16,0.));
#3239 = DIRECTION('',(0.,0.,1.));
#3240 = ADVANCED_FACE('',(#3241),#3252,.T.);
#3241 = FACE_BOUND('',#3242,.T.);
#3242 = EDGE_LOOP('',(#3243,#3244,#3245,#3246));
#3243 = ORIENTED_EDGE('',*,*,#3179,.F.);
#3244 = ORIENTED_EDGE('',*,*,#3228,.T.);
#3245 = ORIENTED_EDGE('',*,*,#3107,.T.);
#3246 = ORIENTED_EDGE('',*,*,#3247,.F.);
#3247 = EDGE_CURVE('',#3180,#3108,#3248,.T.);
#3248 = LINE('',#3249,#3250);
#3249 = CARTESIAN_POINT('',(-157.1407894736,-205.4605263157,
    -16.78947368421));
#3250 = VECTOR('',#3251,1.);
#3251 = DIRECTION('',(0.,0.,1.));
#3252 = PLANE('',#3253);
#3253 = AXIS2_PLACEMENT_3D('',#3254,#3255,#3256);
#3254 = CARTESIAN_POINT('',(-448.2592105263,-205.4605263157,
    -16.78947368421));
#3255 = DIRECTION('',(0.,1.,0.));
#3256 = DIRECTION('',(0.,0.,1.));
#3257 = ADVANCED_FACE('',(#3258),#3269,.T.);
#3258 = FACE_BOUND('',#3259,.T.);
#3259 = EDGE_LOOP('',(#3260,#3266,#3267,#3268));
#3260 = ORIENTED_EDGE('',*,*,#3261,.F.);
#3261 = EDGE_CURVE('',#3189,#3117,#3262,.T.);
#3262 = LINE('',#3263,#3264);
#3263 = CARTESIAN_POINT('',(-157.1407894736,-228.75,-16.78947368421));
#3264 = VECTOR('',#3265,1.);
#3265 = DIRECTION('',(0.,0.,1.));
#3266 = ORIENTED_EDGE('',*,*,#3196,.T.);
#3267 = ORIENTED_EDGE('',*,*,#3247,.T.);
#3268 = ORIENTED_EDGE('',*,*,#3124,.F.);
#3269 = PLANE('',#3270);
#3270 = AXIS2_PLACEMENT_3D('',#3271,#3272,#3273);
#3271 = CARTESIAN_POINT('',(-157.1407894736,-228.75,-16.78947368421));
#3272 = DIRECTION('',(1.,0.,0.));
#3273 = DIRECTION('',(0.,0.,1.));
#3274 = ADVANCED_FACE('',(#3275),#3281,.F.);
#3275 = FACE_BOUND('',#3276,.F.);
#3276 = EDGE_LOOP('',(#3277,#3278,#3279,#3280));
#3277 = ORIENTED_EDGE('',*,*,#3188,.F.);
#3278 = ORIENTED_EDGE('',*,*,#3213,.T.);
#3279 = ORIENTED_EDGE('',*,*,#3116,.T.);
#3280 = ORIENTED_EDGE('',*,*,#3261,.F.);
#3281 = PLANE('',#3282);
#3282 = AXIS2_PLACEMENT_3D('',#3283,#3284,#3285);
#3283 = CARTESIAN_POINT('',(-448.2592105263,-228.75,-16.78947368421));
#3284 = DIRECTION('',(0.,1.,0.));
#3285 = DIRECTION('',(0.,0.,1.));
#3286 = MANIFOLD_SOLID_BREP('',#3287);
#3287 = CLOSED_SHELL('',(#3288,#3321,#3330));
#3288 = ADVANCED_FACE('',(#3289),#3316,.T.);
#3289 = FACE_BOUND('',#3290,.T.);
#3290 = EDGE_LOOP('',(#3291,#3300,#3308,#3315));
#3291 = ORIENTED_EDGE('',*,*,#3292,.F.);
#3292 = EDGE_CURVE('',#3293,#3293,#3295,.T.);
#3293 = VERTEX_POINT('',#3294);
#3294 = CARTESIAN_POINT('',(312.2,217.10526315789,53.289473684211));
#3295 = CIRCLE('',#3296,6.);
#3296 = AXIS2_PLACEMENT_3D('',#3297,#3298,#3299);
#3297 = CARTESIAN_POINT('',(306.2,217.10526315789,53.289473684211));
#3298 = DIRECTION('',(0.,0.,1.));
#3299 = DIRECTION('',(1.,0.,0.));
#3300 = ORIENTED_EDGE('',*,*,#3301,.F.);
#3301 = EDGE_CURVE('',#3302,#3293,#3304,.T.);
#3302 = VERTEX_POINT('',#3303);
#3303 = CARTESIAN_POINT('',(312.2,217.10526315789,18.75));
#3304 = LINE('',#3305,#3306);
#3305 = CARTESIAN_POINT('',(312.2,217.10526315789,18.75));
#3306 = VECTOR('',#3307,1.);
#3307 = DIRECTION('',(0.,0.,1.));
#3308 = ORIENTED_EDGE('',*,*,#3309,.T.);
#3309 = EDGE_CURVE('',#3302,#3302,#3310,.T.);
#3310 = CIRCLE('',#3311,6.);
#3311 = AXIS2_PLACEMENT_3D('',#3312,#3313,#3314);
#3312 = CARTESIAN_POINT('',(306.2,217.10526315789,18.75));
#3313 = DIRECTION('',(0.,0.,1.));
#3314 = DIRECTION('',(1.,0.,0.));
#3315 = ORIENTED_EDGE('',*,*,#3301,.T.);
#3316 = CYLINDRICAL_SURFACE('',#3317,6.);
#3317 = AXIS2_PLACEMENT_3D('',#3318,#3319,#3320);
#3318 = CARTESIAN_POINT('',(306.2,217.10526315789,18.75));
#3319 = DIRECTION('',(0.,0.,1.));
#3320 = DIRECTION('',(1.,0.,0.));
#3321 = ADVANCED_FACE('',(#3322),#3325,.T.);
#3322 = FACE_BOUND('',#3323,.T.);
#3323 = EDGE_LOOP('',(#3324));
#3324 = ORIENTED_EDGE('',*,*,#3292,.T.);
#3325 = PLANE('',#3326);
#3326 = AXIS2_PLACEMENT_3D('',#3327,#3328,#3329);
#3327 = CARTESIAN_POINT('',(306.2,217.10526315789,53.289473684211));
#3328 = DIRECTION('',(0.,0.,1.));
#3329 = DIRECTION('',(1.,0.,0.));
#3330 = ADVANCED_FACE('',(#3331),#3334,.F.);
#3331 = FACE_BOUND('',#3332,.T.);
#3332 = EDGE_LOOP('',(#3333));
#3333 = ORIENTED_EDGE('',*,*,#3309,.F.);
#3334 = PLANE('',#3335);
#3335 = AXIS2_PLACEMENT_3D('',#3336,#3337,#3338);
#3336 = CARTESIAN_POINT('',(306.2,217.10526315789,18.75));
#3337 = DIRECTION('',(0.,0.,1.));
#3338 = DIRECTION('',(1.,0.,0.));
#3339 = MANIFOLD_SOLID_BREP('',#3340);
#3340 = CLOSED_SHELL('',(#3341));
#3341 = ADVANCED_FACE('',(#3342),#3346,.T.);
#3342 = FACE_BOUND('',#3343,.T.);
#3343 = VERTEX_LOOP('',#3344);
#3344 = VERTEX_POINT('',#3345);
#3345 = CARTESIAN_POINT('',(350.60789473684,217.10526315789,
    53.289473684211));
#3346 = ( BOUNDED_SURFACE() B_SPLINE_SURFACE(14,4,(
    (#3347,#3348,#3349,#3350,#3351)
    ,(#3352,#3353,#3354,#3355,#3356)
    ,(#3357,#3358,#3359,#3360,#3361)
    ,(#3362,#3363,#3364,#3365,#3366)
    ,(#3367,#3368,#3369,#3370,#3371)
    ,(#3372,#3373,#3374,#3375,#3376)
    ,(#3377,#3378,#3379,#3380,#3381)
    ,(#3382,#3383,#3384,#3385,#3386)
    ,(#3387,#3388,#3389,#3390,#3391)
    ,(#3392,#3393,#3394,#3395,#3396)
    ,(#3397,#3398,#3399,#3400,#3401)
    ,(#3402,#3403,#3404,#3405,#3406)
    ,(#3407,#3408,#3409,#3410,#3411)
    ,(#3412,#3413,#3414,#3415,#3416)
    ,(#3417,#3418,#3419,#3420,#3421
)),.UNSPECIFIED.,.T.,.F.,.F.) B_SPLINE_SURFACE_WITH_KNOTS((15,15),(5,5),
  (0.,1.),(0.,1.),.PIECEWISE_BEZIER_KNOTS.) 
GEOMETRIC_REPRESENTATION_ITEM() RATIONAL_B_SPLINE_SURFACE((
    (1.,1.,1.,1.,1.)
    ,(1.,1.,1.,1.,1.)
    ,(1.,1.,1.,1.,1.)
    ,(1.,1.,1.,1.,1.)
    ,(1.,1.,1.,1.,1.)
    ,(1.,1.,1.,1.,1.)
    ,(1.,1.,1.,1.,1.)
    ,(1.,1.,1.,1.,1.)
    ,(1.,1.,1.,1.,1.)
    ,(1.,1.,1.,1.,1.)
    ,(1.,1.,1.,1.,1.)
    ,(1.,1.,1.,1.,1.)
    ,(1.,1.,1.,1.,1.)
    ,(1.,1.,1.,1.,1.)
,(1.,1.,1.,1.,1.))) REPRESENTATION_ITEM('') SURFACE() );
#3347 = CARTESIAN_POINT('',(261.79210526315,217.10526315789,
    53.289473684211));
#3348 = CARTESIAN_POINT('',(273.0528726425,217.10526315789,
    21.398463982591));
#3349 = CARTESIAN_POINT('',(306.2,217.10526315789,61.600293637247));
#3350 = CARTESIAN_POINT('',(339.34712735749,217.10526315789,
    21.398463982591));
#3351 = CARTESIAN_POINT('',(350.60789473684,217.10526315789,
    53.289473684211));
#3352 = CARTESIAN_POINT('',(261.79210526315,217.10526315789,
    53.289473684211));
#3353 = CARTESIAN_POINT('',(273.0528726425,231.41791484278,
    21.398463982587));
#3354 = CARTESIAN_POINT('',(306.2,213.37537588506,61.600293637248));
#3355 = CARTESIAN_POINT('',(339.34712735749,231.41791484278,
    21.398463982587));
#3356 = CARTESIAN_POINT('',(350.60789473684,217.10526315789,
    53.289473684211));
#3357 = CARTESIAN_POINT('',(261.79210526315,217.10526315789,
    53.289473684211));
#3358 = CARTESIAN_POINT('',(273.0528726425,245.73057181078,
    28.316081980034));
#3359 = CARTESIAN_POINT('',(306.2,209.64548723546,59.797557436088));
#3360 = CARTESIAN_POINT('',(339.34712735749,245.73057181078,
    28.316081980034));
#3361 = CARTESIAN_POINT('',(350.60789473684,217.10526315789,
    53.289473684211));
#3362 = CARTESIAN_POINT('',(261.79210526315,217.10526315789,
    53.289473684211));
#3363 = CARTESIAN_POINT('',(273.0528726425,256.42111689981,
    42.151326818392));
#3364 = CARTESIAN_POINT('',(306.2,206.8595235339,56.192082729154));
#3365 = CARTESIAN_POINT('',(339.34712735749,256.42111689981,
    42.151326818392));
#3366 = CARTESIAN_POINT('',(350.60789473684,217.10526315789,
    53.289473684211));
#3367 = CARTESIAN_POINT('',(261.79210526315,217.10526315789,
    53.289473684211));
#3368 = CARTESIAN_POINT('',(273.0528726425,259.86784139524,
    60.835225094323));
#3369 = CARTESIAN_POINT('',(306.2,205.96130466352,51.323045466147));
#3370 = CARTESIAN_POINT('',(339.34712735749,259.86784139524,
    60.835225094323));
#3371 = CARTESIAN_POINT('',(350.60789473684,217.10526315789,
    53.289473684211));
#3372 = CARTESIAN_POINT('',(261.79210526315,217.10526315789,
    53.289473684211));
#3373 = CARTESIAN_POINT('',(273.0528726425,253.74729537933,
    80.230222465869));
#3374 = CARTESIAN_POINT('',(306.2,207.55632333582,46.268695269879));
#3375 = CARTESIAN_POINT('',(339.34712735749,253.74729537933,
    80.230222465869));
#3376 = CARTESIAN_POINT('',(350.60789473684,217.10526315789,
    53.289473684211));
#3377 = CARTESIAN_POINT('',(261.79210526315,217.10526315789,
    53.289473684211));
#3378 = CARTESIAN_POINT('',(273.0528726425,238.34101597475,
    95.036135291569));
#3379 = CARTESIAN_POINT('',(306.2,211.57121077512,42.410263790725));
#3380 = CARTESIAN_POINT('',(339.34712735749,238.34101597475,
    95.036135291569));
#3381 = CARTESIAN_POINT('',(350.60789473684,217.10526315789,
    53.289473684211));
#3382 = CARTESIAN_POINT('',(261.79210526315,217.10526315789,
    53.289473684211));
#3383 = CARTESIAN_POINT('',(273.0528726425,217.10526315835,
    100.61026602774));
#3384 = CARTESIAN_POINT('',(306.2,217.10526315777,40.957641331403));
#3385 = CARTESIAN_POINT('',(339.34712735749,217.10526315835,
    100.61026602774));
#3386 = CARTESIAN_POINT('',(350.60789473684,217.10526315789,
    53.289473684211));
#3387 = CARTESIAN_POINT('',(261.79210526315,217.10526315789,
    53.289473684211));
#3388 = CARTESIAN_POINT('',(273.0528726425,195.86951034019,
    95.036135291587));
#3389 = CARTESIAN_POINT('',(306.2,222.63931554088,42.41026379072));
#3390 = CARTESIAN_POINT('',(339.34712735749,195.86951034019,
    95.036135291587));
#3391 = CARTESIAN_POINT('',(350.60789473684,217.10526315789,
    53.289473684211));
#3392 = CARTESIAN_POINT('',(261.79210526315,217.10526315789,
    53.289473684211));
#3393 = CARTESIAN_POINT('',(273.0528726425,180.46323093709,
    80.230222465843));
#3394 = CARTESIAN_POINT('',(306.2,226.65420297979,46.268695269886));
#3395 = CARTESIAN_POINT('',(339.34712735749,180.46323093709,
    80.230222465843));
#3396 = CARTESIAN_POINT('',(350.60789473684,217.10526315789,
    53.289473684211));
#3397 = CARTESIAN_POINT('',(261.79210526315,217.10526315789,
    53.289473684211));
#3398 = CARTESIAN_POINT('',(273.0528726425,174.34268492014,
    60.835225094346));
#3399 = CARTESIAN_POINT('',(306.2,228.24922165236,51.323045466141));
#3400 = CARTESIAN_POINT('',(339.34712735749,174.34268492014,
    60.835225094346));
#3401 = CARTESIAN_POINT('',(350.60789473684,217.10526315789,
    53.289473684211));
#3402 = CARTESIAN_POINT('',(261.79210526315,217.10526315789,
    53.289473684211));
#3403 = CARTESIAN_POINT('',(273.0528726425,177.78940941617,
    42.151326818378));
#3404 = CARTESIAN_POINT('',(306.2,227.35100278183,56.192082729158));
#3405 = CARTESIAN_POINT('',(339.34712735749,177.78940941617,
    42.151326818378));
#3406 = CARTESIAN_POINT('',(350.60789473684,217.10526315789,
    53.289473684211));
#3407 = CARTESIAN_POINT('',(261.79210526315,217.10526315789,
    53.289473684211));
#3408 = CARTESIAN_POINT('',(273.0528726425,188.47995450493,
    28.31608198004));
#3409 = CARTESIAN_POINT('',(306.2,224.56503908034,59.797557436086));
#3410 = CARTESIAN_POINT('',(339.34712735749,188.47995450493,
    28.31608198004));
#3411 = CARTESIAN_POINT('',(350.60789473684,217.10526315789,
    53.289473684211));
#3412 = CARTESIAN_POINT('',(261.79210526315,217.10526315789,
    53.289473684211));
#3413 = CARTESIAN_POINT('',(273.0528726425,202.79261147301,
    21.398463982586));
#3414 = CARTESIAN_POINT('',(306.2,220.83515043071,61.600293637249));
#3415 = CARTESIAN_POINT('',(339.34712735749,202.79261147301,
    21.398463982586));
#3416 = CARTESIAN_POINT('',(350.60789473684,217.10526315789,
    53.289473684211));
#3417 = CARTESIAN_POINT('',(261.79210526315,217.10526315789,
    53.289473684211));
#3418 = CARTESIAN_POINT('',(273.0528726425,217.10526315789,
    21.398463982591));
#3419 = CARTESIAN_POINT('',(306.2,217.10526315789,61.600293637247));
#3420 = CARTESIAN_POINT('',(339.34712735749,217.10526315789,
    21.398463982591));
#3421 = CARTESIAN_POINT('',(350.60789473684,217.10526315789,
    53.289473684211));
#3422 = MANIFOLD_SOLID_BREP('',#3423);
#3423 = CLOSED_SHELL('',(#3424,#3464,#3495,#3519,#3543,#3560,#3591,#3622
    ,#3653,#3684,#3708,#3732,#3749,#3773,#3804,#3828,#3845,#3876,#3893,
    #3910,#3927,#3944));
#3424 = ADVANCED_FACE('',(#3425),#3459,.F.);
#3425 = FACE_BOUND('',#3426,.F.);
#3426 = EDGE_LOOP('',(#3427,#3437,#3445,#3453));
#3427 = ORIENTED_EDGE('',*,*,#3428,.F.);
#3428 = EDGE_CURVE('',#3429,#3431,#3433,.T.);
#3429 = VERTEX_POINT('',#3430);
#3430 = CARTESIAN_POINT('',(160.64078947368,205.46052631578,
    52.289473684211));
#3431 = VERTEX_POINT('',#3432);
#3432 = CARTESIAN_POINT('',(160.64078947368,205.46052631578,
    54.289473684211));
#3433 = LINE('',#3434,#3435);
#3434 = CARTESIAN_POINT('',(160.64078947368,205.46052631578,
    52.289473684211));
#3435 = VECTOR('',#3436,1.);
#3436 = DIRECTION('',(0.,0.,1.));
#3437 = ORIENTED_EDGE('',*,*,#3438,.T.);
#3438 = EDGE_CURVE('',#3429,#3439,#3441,.T.);
#3439 = VERTEX_POINT('',#3440);
#3440 = CARTESIAN_POINT('',(160.64078947368,228.75,52.289473684211));
#3441 = LINE('',#3442,#3443);
#3442 = CARTESIAN_POINT('',(160.64078947368,205.46052631578,
    52.289473684211));
#3443 = VECTOR('',#3444,1.);
#3444 = DIRECTION('',(0.,1.,0.));
#3445 = ORIENTED_EDGE('',*,*,#3446,.T.);
#3446 = EDGE_CURVE('',#3439,#3447,#3449,.T.);
#3447 = VERTEX_POINT('',#3448);
#3448 = CARTESIAN_POINT('',(160.64078947368,228.75,54.289473684211));
#3449 = LINE('',#3450,#3451);
#3450 = CARTESIAN_POINT('',(160.64078947368,228.75,52.289473684211));
#3451 = VECTOR('',#3452,1.);
#3452 = DIRECTION('',(0.,0.,1.));
#3453 = ORIENTED_EDGE('',*,*,#3454,.F.);
#3454 = EDGE_CURVE('',#3431,#3447,#3455,.T.);
#3455 = LINE('',#3456,#3457);
#3456 = CARTESIAN_POINT('',(160.64078947368,205.46052631578,
    54.289473684211));
#3457 = VECTOR('',#3458,1.);
#3458 = DIRECTION('',(0.,1.,0.));
#3459 = PLANE('',#3460);
#3460 = AXIS2_PLACEMENT_3D('',#3461,#3462,#3463);
#3461 = CARTESIAN_POINT('',(160.64078947368,205.46052631578,
    52.289473684211));
#3462 = DIRECTION('',(1.,0.,0.));
#3463 = DIRECTION('',(0.,0.,1.));
#3464 = ADVANCED_FACE('',(#3465),#3490,.F.);
#3465 = FACE_BOUND('',#3466,.F.);
#3466 = EDGE_LOOP('',(#3467,#3475,#3476,#3484));
#3467 = ORIENTED_EDGE('',*,*,#3468,.F.);
#3468 = EDGE_CURVE('',#3429,#3469,#3471,.T.);
#3469 = VERTEX_POINT('',#3470);
#3470 = CARTESIAN_POINT('',(294.55526315789,205.46052631578,
    52.289473684211));
#3471 = LINE('',#3472,#3473);
#3472 = CARTESIAN_POINT('',(160.64078947368,205.46052631578,
    52.289473684211));
#3473 = VECTOR('',#3474,1.);
#3474 = DIRECTION('',(1.,0.,0.));
#3475 = ORIENTED_EDGE('',*,*,#3428,.T.);
#3476 = ORIENTED_EDGE('',*,*,#3477,.T.);
#3477 = EDGE_CURVE('',#3431,#3478,#3480,.T.);
#3478 = VERTEX_POINT('',#3479);
#3479 = CARTESIAN_POINT('',(294.55526315789,205.46052631578,
    54.289473684211));
#3480 = LINE('',#3481,#3482);
#3481 = CARTESIAN_POINT('',(160.64078947368,205.46052631578,
    54.289473684211));
#3482 = VECTOR('',#3483,1.);
#3483 = DIRECTION('',(1.,0.,0.));
#3484 = ORIENTED_EDGE('',*,*,#3485,.F.);
#3485 = EDGE_CURVE('',#3469,#3478,#3486,.T.);
#3486 = LINE('',#3487,#3488);
#3487 = CARTESIAN_POINT('',(294.55526315789,205.46052631578,
    52.289473684211));
#3488 = VECTOR('',#3489,1.);
#3489 = DIRECTION('',(0.,0.,1.));
#3490 = PLANE('',#3491);
#3491 = AXIS2_PLACEMENT_3D('',#3492,#3493,#3494);
#3492 = CARTESIAN_POINT('',(160.64078947368,205.46052631578,
    52.289473684211));
#3493 = DIRECTION('',(0.,1.,0.));
#3494 = DIRECTION('',(0.,0.,1.));
#3495 = ADVANCED_FACE('',(#3496),#3514,.T.);
#3496 = FACE_BOUND('',#3497,.T.);
#3497 = EDGE_LOOP('',(#3498,#3506,#3507,#3508));
#3498 = ORIENTED_EDGE('',*,*,#3499,.F.);
#3499 = EDGE_CURVE('',#3447,#3500,#3502,.T.);
#3500 = VERTEX_POINT('',#3501);
#3501 = CARTESIAN_POINT('',(294.55526315789,228.75,54.289473684211));
#3502 = LINE('',#3503,#3504);
#3503 = CARTESIAN_POINT('',(160.64078947368,228.75,54.289473684211));
#3504 = VECTOR('',#3505,1.);
#3505 = DIRECTION('',(1.,0.,0.));
#3506 = ORIENTED_EDGE('',*,*,#3454,.F.);
#3507 = ORIENTED_EDGE('',*,*,#3477,.T.);
#3508 = ORIENTED_EDGE('',*,*,#3509,.T.);
#3509 = EDGE_CURVE('',#3478,#3500,#3510,.T.);
#3510 = LINE('',#3511,#3512);
#3511 = CARTESIAN_POINT('',(294.55526315789,71.546052631579,
    54.289473684211));
#3512 = VECTOR('',#3513,1.);
#3513 = DIRECTION('',(1.110223024625E-16,1.,0.));
#3514 = PLANE('',#3515);
#3515 = AXIS2_PLACEMENT_3D('',#3516,#3517,#3518);
#3516 = CARTESIAN_POINT('',(160.64078947368,205.46052631578,
    54.289473684211));
#3517 = DIRECTION('',(0.,0.,1.));
#3518 = DIRECTION('',(1.,0.,0.));
#3519 = ADVANCED_FACE('',(#3520),#3538,.T.);
#3520 = FACE_BOUND('',#3521,.T.);
#3521 = EDGE_LOOP('',(#3522,#3530,#3531,#3532));
#3522 = ORIENTED_EDGE('',*,*,#3523,.F.);
#3523 = EDGE_CURVE('',#3439,#3524,#3526,.T.);
#3524 = VERTEX_POINT('',#3525);
#3525 = CARTESIAN_POINT('',(294.55526315789,228.75,52.289473684211));
#3526 = LINE('',#3527,#3528);
#3527 = CARTESIAN_POINT('',(160.64078947368,228.75,52.289473684211));
#3528 = VECTOR('',#3529,1.);
#3529 = DIRECTION('',(1.,0.,0.));
#3530 = ORIENTED_EDGE('',*,*,#3446,.T.);
#3531 = ORIENTED_EDGE('',*,*,#3499,.T.);
#3532 = ORIENTED_EDGE('',*,*,#3533,.F.);
#3533 = EDGE_CURVE('',#3524,#3500,#3534,.T.);
#3534 = LINE('',#3535,#3536);
#3535 = CARTESIAN_POINT('',(294.55526315789,228.75,52.289473684211));
#3536 = VECTOR('',#3537,1.);
#3537 = DIRECTION('',(0.,0.,1.));
#3538 = PLANE('',#3539);
#3539 = AXIS2_PLACEMENT_3D('',#3540,#3541,#3542);
#3540 = CARTESIAN_POINT('',(160.64078947368,228.75,52.289473684211));
#3541 = DIRECTION('',(0.,1.,0.));
#3542 = DIRECTION('',(0.,0.,1.));
#3543 = ADVANCED_FACE('',(#3544),#3555,.F.);
#3544 = FACE_BOUND('',#3545,.F.);
#3545 = EDGE_LOOP('',(#3546,#3547,#3548,#3549));
#3546 = ORIENTED_EDGE('',*,*,#3523,.F.);
#3547 = ORIENTED_EDGE('',*,*,#3438,.F.);
#3548 = ORIENTED_EDGE('',*,*,#3468,.T.);
#3549 = ORIENTED_EDGE('',*,*,#3550,.T.);
#3550 = EDGE_CURVE('',#3469,#3524,#3551,.T.);
#3551 = LINE('',#3552,#3553);
#3552 = CARTESIAN_POINT('',(294.55526315789,71.546052631579,
    52.289473684211));
#3553 = VECTOR('',#3554,1.);
#3554 = DIRECTION('',(1.110223024625E-16,1.,0.));
#3555 = PLANE('',#3556);
#3556 = AXIS2_PLACEMENT_3D('',#3557,#3558,#3559);
#3557 = CARTESIAN_POINT('',(160.64078947368,205.46052631578,
    52.289473684211));
#3558 = DIRECTION('',(0.,0.,1.));
#3559 = DIRECTION('',(1.,0.,0.));
#3560 = ADVANCED_FACE('',(#3561),#3586,.T.);
#3561 = FACE_BOUND('',#3562,.T.);
#3562 = EDGE_LOOP('',(#3563,#3571,#3579,#3585));
#3563 = ORIENTED_EDGE('',*,*,#3564,.F.);
#3564 = EDGE_CURVE('',#3565,#3469,#3567,.T.);
#3565 = VERTEX_POINT('',#3566);
#3566 = CARTESIAN_POINT('',(294.55526315789,71.546052631579,
    52.289473684211));
#3567 = LINE('',#3568,#3569);
#3568 = CARTESIAN_POINT('',(294.55526315789,71.546052631579,
    52.289473684211));
#3569 = VECTOR('',#3570,1.);
#3570 = DIRECTION('',(1.110223024625E-16,1.,0.));
#3571 = ORIENTED_EDGE('',*,*,#3572,.T.);
#3572 = EDGE_CURVE('',#3565,#3573,#3575,.T.);
#3573 = VERTEX_POINT('',#3574);
#3574 = CARTESIAN_POINT('',(294.55526315789,71.546052631579,
    54.289473684211));
#3575 = LINE('',#3576,#3577);
#3576 = CARTESIAN_POINT('',(294.55526315789,71.546052631579,
    52.289473684211));
#3577 = VECTOR('',#3578,1.);
#3578 = DIRECTION('',(0.,0.,1.));
#3579 = ORIENTED_EDGE('',*,*,#3580,.T.);
#3580 = EDGE_CURVE('',#3573,#3478,#3581,.T.);
#3581 = LINE('',#3582,#3583);
#3582 = CARTESIAN_POINT('',(294.55526315789,71.546052631579,
    54.289473684211));
#3583 = VECTOR('',#3584,1.);
#3584 = DIRECTION('',(1.110223024625E-16,1.,0.));
#3585 = ORIENTED_EDGE('',*,*,#3485,.F.);
#3586 = PLANE('',#3587);
#3587 = AXIS2_PLACEMENT_3D('',#3588,#3589,#3590);
#3588 = CARTESIAN_POINT('',(294.55526315789,71.546052631579,
    52.289473684211));
#3589 = DIRECTION('',(-1.,1.110223024625E-16,0.));
#3590 = DIRECTION('',(0.,0.,1.));
#3591 = ADVANCED_FACE('',(#3592),#3617,.T.);
#3592 = FACE_BOUND('',#3593,.T.);
#3593 = EDGE_LOOP('',(#3594,#3602,#3603,#3611));
#3594 = ORIENTED_EDGE('',*,*,#3595,.F.);
#3595 = EDGE_CURVE('',#3500,#3596,#3598,.T.);
#3596 = VERTEX_POINT('',#3597);
#3597 = CARTESIAN_POINT('',(317.8447368421,228.75,54.289473684211));
#3598 = LINE('',#3599,#3600);
#3599 = CARTESIAN_POINT('',(160.64078947368,228.75,54.289473684211));
#3600 = VECTOR('',#3601,1.);
#3601 = DIRECTION('',(1.,0.,0.));
#3602 = ORIENTED_EDGE('',*,*,#3509,.F.);
#3603 = ORIENTED_EDGE('',*,*,#3604,.T.);
#3604 = EDGE_CURVE('',#3478,#3605,#3607,.T.);
#3605 = VERTEX_POINT('',#3606);
#3606 = CARTESIAN_POINT('',(317.8447368421,205.46052631578,
    54.289473684211));
#3607 = LINE('',#3608,#3609);
#3608 = CARTESIAN_POINT('',(160.64078947368,205.46052631578,
    54.289473684211));
#3609 = VECTOR('',#3610,1.);
#3610 = DIRECTION('',(1.,0.,0.));
#3611 = ORIENTED_EDGE('',*,*,#3612,.T.);
#3612 = EDGE_CURVE('',#3605,#3596,#3613,.T.);
#3613 = LINE('',#3614,#3615);
#3614 = CARTESIAN_POINT('',(317.8447368421,71.546052631579,
    54.289473684211));
#3615 = VECTOR('',#3616,1.);
#3616 = DIRECTION('',(1.110223024625E-16,1.,0.));
#3617 = PLANE('',#3618);
#3618 = AXIS2_PLACEMENT_3D('',#3619,#3620,#3621);
#3619 = CARTESIAN_POINT('',(160.64078947368,205.46052631578,
    54.289473684211));
#3620 = DIRECTION('',(0.,0.,1.));
#3621 = DIRECTION('',(1.,0.,0.));
#3622 = ADVANCED_FACE('',(#3623),#3648,.T.);
#3623 = FACE_BOUND('',#3624,.T.);
#3624 = EDGE_LOOP('',(#3625,#3633,#3634,#3642));
#3625 = ORIENTED_EDGE('',*,*,#3626,.F.);
#3626 = EDGE_CURVE('',#3524,#3627,#3629,.T.);
#3627 = VERTEX_POINT('',#3628);
#3628 = CARTESIAN_POINT('',(294.55526315789,362.66447368421,
    52.289473684211));
#3629 = LINE('',#3630,#3631);
#3630 = CARTESIAN_POINT('',(294.55526315789,71.546052631579,
    52.289473684211));
#3631 = VECTOR('',#3632,1.);
#3632 = DIRECTION('',(1.110223024625E-16,1.,0.));
#3633 = ORIENTED_EDGE('',*,*,#3533,.T.);
#3634 = ORIENTED_EDGE('',*,*,#3635,.T.);
#3635 = EDGE_CURVE('',#3500,#3636,#3638,.T.);
#3636 = VERTEX_POINT('',#3637);
#3637 = CARTESIAN_POINT('',(294.55526315789,362.66447368421,
    54.289473684211));
#3638 = LINE('',#3639,#3640);
#3639 = CARTESIAN_POINT('',(294.55526315789,71.546052631579,
    54.289473684211));
#3640 = VECTOR('',#3641,1.);
#3641 = DIRECTION('',(1.110223024625E-16,1.,0.));
#3642 = ORIENTED_EDGE('',*,*,#3643,.F.);
#3643 = EDGE_CURVE('',#3627,#3636,#3644,.T.);
#3644 = LINE('',#3645,#3646);
#3645 = CARTESIAN_POINT('',(294.55526315789,362.66447368421,
    52.289473684211));
#3646 = VECTOR('',#3647,1.);
#3647 = DIRECTION('',(0.,0.,1.));
#3648 = PLANE('',#3649);
#3649 = AXIS2_PLACEMENT_3D('',#3650,#3651,#3652);
#3650 = CARTESIAN_POINT('',(294.55526315789,71.546052631579,
    52.289473684211));
#3651 = DIRECTION('',(-1.,1.110223024625E-16,0.));
#3652 = DIRECTION('',(0.,0.,1.));
#3653 = ADVANCED_FACE('',(#3654),#3679,.F.);
#3654 = FACE_BOUND('',#3655,.F.);
#3655 = EDGE_LOOP('',(#3656,#3664,#3665,#3673));
#3656 = ORIENTED_EDGE('',*,*,#3657,.F.);
#3657 = EDGE_CURVE('',#3524,#3658,#3660,.T.);
#3658 = VERTEX_POINT('',#3659);
#3659 = CARTESIAN_POINT('',(317.8447368421,228.75,52.289473684211));
#3660 = LINE('',#3661,#3662);
#3661 = CARTESIAN_POINT('',(160.64078947368,228.75,52.289473684211));
#3662 = VECTOR('',#3663,1.);
#3663 = DIRECTION('',(1.,0.,0.));
#3664 = ORIENTED_EDGE('',*,*,#3550,.F.);
#3665 = ORIENTED_EDGE('',*,*,#3666,.T.);
#3666 = EDGE_CURVE('',#3469,#3667,#3669,.T.);
#3667 = VERTEX_POINT('',#3668);
#3668 = CARTESIAN_POINT('',(317.8447368421,205.46052631578,
    52.289473684211));
#3669 = LINE('',#3670,#3671);
#3670 = CARTESIAN_POINT('',(160.64078947368,205.46052631578,
    52.289473684211));
#3671 = VECTOR('',#3672,1.);
#3672 = DIRECTION('',(1.,0.,0.));
#3673 = ORIENTED_EDGE('',*,*,#3674,.T.);
#3674 = EDGE_CURVE('',#3667,#3658,#3675,.T.);
#3675 = LINE('',#3676,#3677);
#3676 = CARTESIAN_POINT('',(317.8447368421,71.546052631579,
    52.289473684211));
#3677 = VECTOR('',#3678,1.);
#3678 = DIRECTION('',(1.110223024625E-16,1.,0.));
#3679 = PLANE('',#3680);
#3680 = AXIS2_PLACEMENT_3D('',#3681,#3682,#3683);
#3681 = CARTESIAN_POINT('',(160.64078947368,205.46052631578,
    52.289473684211));
#3682 = DIRECTION('',(0.,0.,1.));
#3683 = DIRECTION('',(1.,0.,0.));
#3684 = ADVANCED_FACE('',(#3685),#3703,.F.);
#3685 = FACE_BOUND('',#3686,.F.);
#3686 = EDGE_LOOP('',(#3687,#3688,#3696,#3702));
#3687 = ORIENTED_EDGE('',*,*,#3564,.F.);
#3688 = ORIENTED_EDGE('',*,*,#3689,.F.);
#3689 = EDGE_CURVE('',#3690,#3565,#3692,.T.);
#3690 = VERTEX_POINT('',#3691);
#3691 = CARTESIAN_POINT('',(317.8447368421,71.546052631579,
    52.289473684211));
#3692 = LINE('',#3693,#3694);
#3693 = CARTESIAN_POINT('',(317.8447368421,71.546052631579,
    52.289473684211));
#3694 = VECTOR('',#3695,1.);
#3695 = DIRECTION('',(-1.,1.110223024625E-16,0.));
#3696 = ORIENTED_EDGE('',*,*,#3697,.T.);
#3697 = EDGE_CURVE('',#3690,#3667,#3698,.T.);
#3698 = LINE('',#3699,#3700);
#3699 = CARTESIAN_POINT('',(317.8447368421,71.546052631579,
    52.289473684211));
#3700 = VECTOR('',#3701,1.);
#3701 = DIRECTION('',(1.110223024625E-16,1.,0.));
#3702 = ORIENTED_EDGE('',*,*,#3666,.F.);
#3703 = PLANE('',#3704);
#3704 = AXIS2_PLACEMENT_3D('',#3705,#3706,#3707);
#3705 = CARTESIAN_POINT('',(317.8447368421,71.546052631579,
    52.289473684211));
#3706 = DIRECTION('',(0.,0.,1.));
#3707 = DIRECTION('',(1.110223024625E-16,1.,0.));
#3708 = ADVANCED_FACE('',(#3709),#3727,.T.);
#3709 = FACE_BOUND('',#3710,.T.);
#3710 = EDGE_LOOP('',(#3711,#3712,#3720,#3726));
#3711 = ORIENTED_EDGE('',*,*,#3580,.F.);
#3712 = ORIENTED_EDGE('',*,*,#3713,.F.);
#3713 = EDGE_CURVE('',#3714,#3573,#3716,.T.);
#3714 = VERTEX_POINT('',#3715);
#3715 = CARTESIAN_POINT('',(317.8447368421,71.546052631579,
    54.289473684211));
#3716 = LINE('',#3717,#3718);
#3717 = CARTESIAN_POINT('',(317.8447368421,71.546052631579,
    54.289473684211));
#3718 = VECTOR('',#3719,1.);
#3719 = DIRECTION('',(-1.,1.110223024625E-16,0.));
#3720 = ORIENTED_EDGE('',*,*,#3721,.T.);
#3721 = EDGE_CURVE('',#3714,#3605,#3722,.T.);
#3722 = LINE('',#3723,#3724);
#3723 = CARTESIAN_POINT('',(317.8447368421,71.546052631579,
    54.289473684211));
#3724 = VECTOR('',#3725,1.);
#3725 = DIRECTION('',(1.110223024625E-16,1.,0.));
#3726 = ORIENTED_EDGE('',*,*,#3604,.F.);
#3727 = PLANE('',#3728);
#3728 = AXIS2_PLACEMENT_3D('',#3729,#3730,#3731);
#3729 = CARTESIAN_POINT('',(317.8447368421,71.546052631579,
    54.289473684211));
#3730 = DIRECTION('',(0.,0.,1.));
#3731 = DIRECTION('',(1.110223024625E-16,1.,0.));
#3732 = ADVANCED_FACE('',(#3733),#3744,.F.);
#3733 = FACE_BOUND('',#3734,.F.);
#3734 = EDGE_LOOP('',(#3735,#3741,#3742,#3743));
#3735 = ORIENTED_EDGE('',*,*,#3736,.F.);
#3736 = EDGE_CURVE('',#3690,#3714,#3737,.T.);
#3737 = LINE('',#3738,#3739);
#3738 = CARTESIAN_POINT('',(317.8447368421,71.546052631579,
    52.289473684211));
#3739 = VECTOR('',#3740,1.);
#3740 = DIRECTION('',(0.,0.,1.));
#3741 = ORIENTED_EDGE('',*,*,#3689,.T.);
#3742 = ORIENTED_EDGE('',*,*,#3572,.T.);
#3743 = ORIENTED_EDGE('',*,*,#3713,.F.);
#3744 = PLANE('',#3745);
#3745 = AXIS2_PLACEMENT_3D('',#3746,#3747,#3748);
#3746 = CARTESIAN_POINT('',(317.8447368421,71.546052631579,
    52.289473684211));
#3747 = DIRECTION('',(1.110223024625E-16,1.,0.));
#3748 = DIRECTION('',(0.,0.,1.));
#3749 = ADVANCED_FACE('',(#3750),#3768,.T.);
#3750 = FACE_BOUND('',#3751,.T.);
#3751 = EDGE_LOOP('',(#3752,#3753,#3754,#3762));
#3752 = ORIENTED_EDGE('',*,*,#3635,.F.);
#3753 = ORIENTED_EDGE('',*,*,#3595,.T.);
#3754 = ORIENTED_EDGE('',*,*,#3755,.T.);
#3755 = EDGE_CURVE('',#3596,#3756,#3758,.T.);
#3756 = VERTEX_POINT('',#3757);
#3757 = CARTESIAN_POINT('',(317.8447368421,362.66447368421,
    54.289473684211));
#3758 = LINE('',#3759,#3760);
#3759 = CARTESIAN_POINT('',(317.8447368421,71.546052631579,
    54.289473684211));
#3760 = VECTOR('',#3761,1.);
#3761 = DIRECTION('',(1.110223024625E-16,1.,0.));
#3762 = ORIENTED_EDGE('',*,*,#3763,.T.);
#3763 = EDGE_CURVE('',#3756,#3636,#3764,.T.);
#3764 = LINE('',#3765,#3766);
#3765 = CARTESIAN_POINT('',(317.8447368421,362.66447368421,
    54.289473684211));
#3766 = VECTOR('',#3767,1.);
#3767 = DIRECTION('',(-1.,1.110223024625E-16,0.));
#3768 = PLANE('',#3769);
#3769 = AXIS2_PLACEMENT_3D('',#3770,#3771,#3772);
#3770 = CARTESIAN_POINT('',(317.8447368421,71.546052631579,
    54.289473684211));
#3771 = DIRECTION('',(0.,0.,1.));
#3772 = DIRECTION('',(1.110223024625E-16,1.,0.));
#3773 = ADVANCED_FACE('',(#3774),#3799,.T.);
#3774 = FACE_BOUND('',#3775,.T.);
#3775 = EDGE_LOOP('',(#3776,#3784,#3785,#3793));
#3776 = ORIENTED_EDGE('',*,*,#3777,.F.);
#3777 = EDGE_CURVE('',#3596,#3778,#3780,.T.);
#3778 = VERTEX_POINT('',#3779);
#3779 = CARTESIAN_POINT('',(451.75921052631,228.75,54.289473684211));
#3780 = LINE('',#3781,#3782);
#3781 = CARTESIAN_POINT('',(160.64078947368,228.75,54.289473684211));
#3782 = VECTOR('',#3783,1.);
#3783 = DIRECTION('',(1.,0.,0.));
#3784 = ORIENTED_EDGE('',*,*,#3612,.F.);
#3785 = ORIENTED_EDGE('',*,*,#3786,.T.);
#3786 = EDGE_CURVE('',#3605,#3787,#3789,.T.);
#3787 = VERTEX_POINT('',#3788);
#3788 = CARTESIAN_POINT('',(451.75921052631,205.46052631578,
    54.289473684211));
#3789 = LINE('',#3790,#3791);
#3790 = CARTESIAN_POINT('',(160.64078947368,205.46052631578,
    54.289473684211));
#3791 = VECTOR('',#3792,1.);
#3792 = DIRECTION('',(1.,0.,0.));
#3793 = ORIENTED_EDGE('',*,*,#3794,.T.);
#3794 = EDGE_CURVE('',#3787,#3778,#3795,.T.);
#3795 = LINE('',#3796,#3797);
#3796 = CARTESIAN_POINT('',(451.75921052631,205.46052631578,
    54.289473684211));
#3797 = VECTOR('',#3798,1.);
#3798 = DIRECTION('',(0.,1.,0.));
#3799 = PLANE('',#3800);
#3800 = AXIS2_PLACEMENT_3D('',#3801,#3802,#3803);
#3801 = CARTESIAN_POINT('',(160.64078947368,205.46052631578,
    54.289473684211));
#3802 = DIRECTION('',(0.,0.,1.));
#3803 = DIRECTION('',(1.,0.,0.));
#3804 = ADVANCED_FACE('',(#3805),#3823,.F.);
#3805 = FACE_BOUND('',#3806,.F.);
#3806 = EDGE_LOOP('',(#3807,#3808,#3809,#3817));
#3807 = ORIENTED_EDGE('',*,*,#3626,.F.);
#3808 = ORIENTED_EDGE('',*,*,#3657,.T.);
#3809 = ORIENTED_EDGE('',*,*,#3810,.T.);
#3810 = EDGE_CURVE('',#3658,#3811,#3813,.T.);
#3811 = VERTEX_POINT('',#3812);
#3812 = CARTESIAN_POINT('',(317.8447368421,362.66447368421,
    52.289473684211));
#3813 = LINE('',#3814,#3815);
#3814 = CARTESIAN_POINT('',(317.8447368421,71.546052631579,
    52.289473684211));
#3815 = VECTOR('',#3816,1.);
#3816 = DIRECTION('',(1.110223024625E-16,1.,0.));
#3817 = ORIENTED_EDGE('',*,*,#3818,.T.);
#3818 = EDGE_CURVE('',#3811,#3627,#3819,.T.);
#3819 = LINE('',#3820,#3821);
#3820 = CARTESIAN_POINT('',(317.8447368421,362.66447368421,
    52.289473684211));
#3821 = VECTOR('',#3822,1.);
#3822 = DIRECTION('',(-1.,1.110223024625E-16,0.));
#3823 = PLANE('',#3824);
#3824 = AXIS2_PLACEMENT_3D('',#3825,#3826,#3827);
#3825 = CARTESIAN_POINT('',(317.8447368421,71.546052631579,
    52.289473684211));
#3826 = DIRECTION('',(0.,0.,1.));
#3827 = DIRECTION('',(1.110223024625E-16,1.,0.));
#3828 = ADVANCED_FACE('',(#3829),#3840,.T.);
#3829 = FACE_BOUND('',#3830,.T.);
#3830 = EDGE_LOOP('',(#3831,#3837,#3838,#3839));
#3831 = ORIENTED_EDGE('',*,*,#3832,.F.);
#3832 = EDGE_CURVE('',#3811,#3756,#3833,.T.);
#3833 = LINE('',#3834,#3835);
#3834 = CARTESIAN_POINT('',(317.8447368421,362.66447368421,
    52.289473684211));
#3835 = VECTOR('',#3836,1.);
#3836 = DIRECTION('',(0.,0.,1.));
#3837 = ORIENTED_EDGE('',*,*,#3818,.T.);
#3838 = ORIENTED_EDGE('',*,*,#3643,.T.);
#3839 = ORIENTED_EDGE('',*,*,#3763,.F.);
#3840 = PLANE('',#3841);
#3841 = AXIS2_PLACEMENT_3D('',#3842,#3843,#3844);
#3842 = CARTESIAN_POINT('',(317.8447368421,362.66447368421,
    52.289473684211));
#3843 = DIRECTION('',(1.110223024625E-16,1.,0.));
#3844 = DIRECTION('',(0.,0.,1.));
#3845 = ADVANCED_FACE('',(#3846),#3871,.F.);
#3846 = FACE_BOUND('',#3847,.F.);
#3847 = EDGE_LOOP('',(#3848,#3856,#3857,#3865));
#3848 = ORIENTED_EDGE('',*,*,#3849,.F.);
#3849 = EDGE_CURVE('',#3658,#3850,#3852,.T.);
#3850 = VERTEX_POINT('',#3851);
#3851 = CARTESIAN_POINT('',(451.75921052631,228.75,52.289473684211));
#3852 = LINE('',#3853,#3854);
#3853 = CARTESIAN_POINT('',(160.64078947368,228.75,52.289473684211));
#3854 = VECTOR('',#3855,1.);
#3855 = DIRECTION('',(1.,0.,0.));
#3856 = ORIENTED_EDGE('',*,*,#3674,.F.);
#3857 = ORIENTED_EDGE('',*,*,#3858,.T.);
#3858 = EDGE_CURVE('',#3667,#3859,#3861,.T.);
#3859 = VERTEX_POINT('',#3860);
#3860 = CARTESIAN_POINT('',(451.75921052631,205.46052631578,
    52.289473684211));
#3861 = LINE('',#3862,#3863);
#3862 = CARTESIAN_POINT('',(160.64078947368,205.46052631578,
    52.289473684211));
#3863 = VECTOR('',#3864,1.);
#3864 = DIRECTION('',(1.,0.,0.));
#3865 = ORIENTED_EDGE('',*,*,#3866,.T.);
#3866 = EDGE_CURVE('',#3859,#3850,#3867,.T.);
#3867 = LINE('',#3868,#3869);
#3868 = CARTESIAN_POINT('',(451.75921052631,205.46052631578,
    52.289473684211));
#3869 = VECTOR('',#3870,1.);
#3870 = DIRECTION('',(0.,1.,0.));
#3871 = PLANE('',#3872);
#3872 = AXIS2_PLACEMENT_3D('',#3873,#3874,#3875);
#3873 = CARTESIAN_POINT('',(160.64078947368,205.46052631578,
    52.289473684211));
#3874 = DIRECTION('',(0.,0.,1.));
#3875 = DIRECTION('',(1.,0.,0.));
#3876 = ADVANCED_FACE('',(#3877),#3888,.F.);
#3877 = FACE_BOUND('',#3878,.F.);
#3878 = EDGE_LOOP('',(#3879,#3880,#3881,#3882));
#3879 = ORIENTED_EDGE('',*,*,#3697,.F.);
#3880 = ORIENTED_EDGE('',*,*,#3736,.T.);
#3881 = ORIENTED_EDGE('',*,*,#3721,.T.);
#3882 = ORIENTED_EDGE('',*,*,#3883,.F.);
#3883 = EDGE_CURVE('',#3667,#3605,#3884,.T.);
#3884 = LINE('',#3885,#3886);
#3885 = CARTESIAN_POINT('',(317.8447368421,205.46052631578,
    52.289473684211));
#3886 = VECTOR('',#3887,1.);
#3887 = DIRECTION('',(0.,0.,1.));
#3888 = PLANE('',#3889);
#3889 = AXIS2_PLACEMENT_3D('',#3890,#3891,#3892);
#3890 = CARTESIAN_POINT('',(317.8447368421,71.546052631579,
    52.289473684211));
#3891 = DIRECTION('',(-1.,1.110223024625E-16,0.));
#3892 = DIRECTION('',(0.,0.,1.));
#3893 = ADVANCED_FACE('',(#3894),#3905,.F.);
#3894 = FACE_BOUND('',#3895,.F.);
#3895 = EDGE_LOOP('',(#3896,#3897,#3903,#3904));
#3896 = ORIENTED_EDGE('',*,*,#3810,.F.);
#3897 = ORIENTED_EDGE('',*,*,#3898,.T.);
#3898 = EDGE_CURVE('',#3658,#3596,#3899,.T.);
#3899 = LINE('',#3900,#3901);
#3900 = CARTESIAN_POINT('',(317.8447368421,228.75,52.289473684211));
#3901 = VECTOR('',#3902,1.);
#3902 = DIRECTION('',(0.,0.,1.));
#3903 = ORIENTED_EDGE('',*,*,#3755,.T.);
#3904 = ORIENTED_EDGE('',*,*,#3832,.F.);
#3905 = PLANE('',#3906);
#3906 = AXIS2_PLACEMENT_3D('',#3907,#3908,#3909);
#3907 = CARTESIAN_POINT('',(317.8447368421,71.546052631579,
    52.289473684211));
#3908 = DIRECTION('',(-1.,1.110223024625E-16,0.));
#3909 = DIRECTION('',(0.,0.,1.));
#3910 = ADVANCED_FACE('',(#3911),#3922,.T.);
#3911 = FACE_BOUND('',#3912,.T.);
#3912 = EDGE_LOOP('',(#3913,#3914,#3915,#3916));
#3913 = ORIENTED_EDGE('',*,*,#3849,.F.);
#3914 = ORIENTED_EDGE('',*,*,#3898,.T.);
#3915 = ORIENTED_EDGE('',*,*,#3777,.T.);
#3916 = ORIENTED_EDGE('',*,*,#3917,.F.);
#3917 = EDGE_CURVE('',#3850,#3778,#3918,.T.);
#3918 = LINE('',#3919,#3920);
#3919 = CARTESIAN_POINT('',(451.75921052631,228.75,52.289473684211));
#3920 = VECTOR('',#3921,1.);
#3921 = DIRECTION('',(0.,0.,1.));
#3922 = PLANE('',#3923);
#3923 = AXIS2_PLACEMENT_3D('',#3924,#3925,#3926);
#3924 = CARTESIAN_POINT('',(160.64078947368,228.75,52.289473684211));
#3925 = DIRECTION('',(0.,1.,0.));
#3926 = DIRECTION('',(0.,0.,1.));
#3927 = ADVANCED_FACE('',(#3928),#3939,.T.);
#3928 = FACE_BOUND('',#3929,.T.);
#3929 = EDGE_LOOP('',(#3930,#3936,#3937,#3938));
#3930 = ORIENTED_EDGE('',*,*,#3931,.F.);
#3931 = EDGE_CURVE('',#3859,#3787,#3932,.T.);
#3932 = LINE('',#3933,#3934);
#3933 = CARTESIAN_POINT('',(451.75921052631,205.46052631578,
    52.289473684211));
#3934 = VECTOR('',#3935,1.);
#3935 = DIRECTION('',(0.,0.,1.));
#3936 = ORIENTED_EDGE('',*,*,#3866,.T.);
#3937 = ORIENTED_EDGE('',*,*,#3917,.T.);
#3938 = ORIENTED_EDGE('',*,*,#3794,.F.);
#3939 = PLANE('',#3940);
#3940 = AXIS2_PLACEMENT_3D('',#3941,#3942,#3943);
#3941 = CARTESIAN_POINT('',(451.75921052631,205.46052631578,
    52.289473684211));
#3942 = DIRECTION('',(1.,0.,0.));
#3943 = DIRECTION('',(0.,0.,1.));
#3944 = ADVANCED_FACE('',(#3945),#3951,.F.);
#3945 = FACE_BOUND('',#3946,.F.);
#3946 = EDGE_LOOP('',(#3947,#3948,#3949,#3950));
#3947 = ORIENTED_EDGE('',*,*,#3858,.F.);
#3948 = ORIENTED_EDGE('',*,*,#3883,.T.);
#3949 = ORIENTED_EDGE('',*,*,#3786,.T.);
#3950 = ORIENTED_EDGE('',*,*,#3931,.F.);
#3951 = PLANE('',#3952);
#3952 = AXIS2_PLACEMENT_3D('',#3953,#3954,#3955);
#3953 = CARTESIAN_POINT('',(160.64078947368,205.46052631578,
    52.289473684211));
#3954 = DIRECTION('',(0.,1.,0.));
#3955 = DIRECTION('',(0.,0.,1.));
#3956 = MANIFOLD_SOLID_BREP('',#3957);
#3957 = CLOSED_SHELL('',(#3958,#3991,#4000));
#3958 = ADVANCED_FACE('',(#3959),#3986,.T.);
#3959 = FACE_BOUND('',#3960,.T.);
#3960 = EDGE_LOOP('',(#3961,#3970,#3978,#3985));
#3961 = ORIENTED_EDGE('',*,*,#3962,.F.);
#3962 = EDGE_CURVE('',#3963,#3963,#3965,.T.);
#3963 = VERTEX_POINT('',#3964);
#3964 = CARTESIAN_POINT('',(312.2,-217.1052631578,53.289473684211));
#3965 = CIRCLE('',#3966,6.);
#3966 = AXIS2_PLACEMENT_3D('',#3967,#3968,#3969);
#3967 = CARTESIAN_POINT('',(306.2,-217.1052631578,53.289473684211));
#3968 = DIRECTION('',(0.,0.,1.));
#3969 = DIRECTION('',(1.,0.,0.));
#3970 = ORIENTED_EDGE('',*,*,#3971,.F.);
#3971 = EDGE_CURVE('',#3972,#3963,#3974,.T.);
#3972 = VERTEX_POINT('',#3973);
#3973 = CARTESIAN_POINT('',(312.2,-217.1052631578,18.75));
#3974 = LINE('',#3975,#3976);
#3975 = CARTESIAN_POINT('',(312.2,-217.1052631578,18.75));
#3976 = VECTOR('',#3977,1.);
#3977 = DIRECTION('',(0.,0.,1.));
#3978 = ORIENTED_EDGE('',*,*,#3979,.T.);
#3979 = EDGE_CURVE('',#3972,#3972,#3980,.T.);
#3980 = CIRCLE('',#3981,6.);
#3981 = AXIS2_PLACEMENT_3D('',#3982,#3983,#3984);
#3982 = CARTESIAN_POINT('',(306.2,-217.1052631578,18.75));
#3983 = DIRECTION('',(0.,0.,1.));
#3984 = DIRECTION('',(1.,0.,0.));
#3985 = ORIENTED_EDGE('',*,*,#3971,.T.);
#3986 = CYLINDRICAL_SURFACE('',#3987,6.);
#3987 = AXIS2_PLACEMENT_3D('',#3988,#3989,#3990);
#3988 = CARTESIAN_POINT('',(306.2,-217.1052631578,18.75));
#3989 = DIRECTION('',(0.,0.,1.));
#3990 = DIRECTION('',(1.,0.,0.));
#3991 = ADVANCED_FACE('',(#3992),#3995,.T.);
#3992 = FACE_BOUND('',#3993,.T.);
#3993 = EDGE_LOOP('',(#3994));
#3994 = ORIENTED_EDGE('',*,*,#3962,.T.);
#3995 = PLANE('',#3996);
#3996 = AXIS2_PLACEMENT_3D('',#3997,#3998,#3999);
#3997 = CARTESIAN_POINT('',(306.2,-217.1052631578,53.289473684211));
#3998 = DIRECTION('',(0.,0.,1.));
#3999 = DIRECTION('',(1.,0.,0.));
#4000 = ADVANCED_FACE('',(#4001),#4004,.F.);
#4001 = FACE_BOUND('',#4002,.T.);
#4002 = EDGE_LOOP('',(#4003));
#4003 = ORIENTED_EDGE('',*,*,#3979,.F.);
#4004 = PLANE('',#4005);
#4005 = AXIS2_PLACEMENT_3D('',#4006,#4007,#4008);
#4006 = CARTESIAN_POINT('',(306.2,-217.1052631578,18.75));
#4007 = DIRECTION('',(0.,0.,1.));
#4008 = DIRECTION('',(1.,0.,0.));
#4009 = MANIFOLD_SOLID_BREP('',#4010);
#4010 = CLOSED_SHELL('',(#4011));
#4011 = ADVANCED_FACE('',(#4012),#4016,.T.);
#4012 = FACE_BOUND('',#4013,.T.);
#4013 = VERTEX_LOOP('',#4014);
#4014 = VERTEX_POINT('',#4015);
#4015 = CARTESIAN_POINT('',(350.60789473684,-217.1052631578,
    53.289473684211));
#4016 = ( BOUNDED_SURFACE() B_SPLINE_SURFACE(14,4,(
    (#4017,#4018,#4019,#4020,#4021)
    ,(#4022,#4023,#4024,#4025,#4026)
    ,(#4027,#4028,#4029,#4030,#4031)
    ,(#4032,#4033,#4034,#4035,#4036)
    ,(#4037,#4038,#4039,#4040,#4041)
    ,(#4042,#4043,#4044,#4045,#4046)
    ,(#4047,#4048,#4049,#4050,#4051)
    ,(#4052,#4053,#4054,#4055,#4056)
    ,(#4057,#4058,#4059,#4060,#4061)
    ,(#4062,#4063,#4064,#4065,#4066)
    ,(#4067,#4068,#4069,#4070,#4071)
    ,(#4072,#4073,#4074,#4075,#4076)
    ,(#4077,#4078,#4079,#4080,#4081)
    ,(#4082,#4083,#4084,#4085,#4086)
    ,(#4087,#4088,#4089,#4090,#4091
)),.UNSPECIFIED.,.T.,.F.,.F.) B_SPLINE_SURFACE_WITH_KNOTS((15,15),(5,5),
  (0.,1.),(0.,1.),.PIECEWISE_BEZIER_KNOTS.) 
GEOMETRIC_REPRESENTATION_ITEM() RATIONAL_B_SPLINE_SURFACE((
    (1.,1.,1.,1.,1.)
    ,(1.,1.,1.,1.,1.)
    ,(1.,1.,1.,1.,1.)
    ,(1.,1.,1.,1.,1.)
    ,(1.,1.,1.,1.,1.)
    ,(1.,1.,1.,1.,1.)
    ,(1.,1.,1.,1.,1.)
    ,(1.,1.,1.,1.,1.)
    ,(1.,1.,1.,1.,1.)
    ,(1.,1.,1.,1.,1.)
    ,(1.,1.,1.,1.,1.)
    ,(1.,1.,1.,1.,1.)
    ,(1.,1.,1.,1.,1.)
    ,(1.,1.,1.,1.,1.)
,(1.,1.,1.,1.,1.))) REPRESENTATION_ITEM('') SURFACE() );
#4017 = CARTESIAN_POINT('',(261.79210526315,-217.1052631578,
    53.289473684211));
#4018 = CARTESIAN_POINT('',(273.0528726425,-217.1052631578,
    21.398463982591));
#4019 = CARTESIAN_POINT('',(306.2,-217.1052631578,61.600293637247));
#4020 = CARTESIAN_POINT('',(339.34712735749,-217.1052631578,
    21.398463982591));
#4021 = CARTESIAN_POINT('',(350.60789473684,-217.1052631578,
    53.289473684211));
#4022 = CARTESIAN_POINT('',(261.79210526315,-217.1052631578,
    53.289473684211));
#4023 = CARTESIAN_POINT('',(273.0528726425,-202.792611473,
    21.398463982587));
#4024 = CARTESIAN_POINT('',(306.2,-220.8351504307,61.600293637248));
#4025 = CARTESIAN_POINT('',(339.34712735749,-202.792611473,
    21.398463982587));
#4026 = CARTESIAN_POINT('',(350.60789473684,-217.1052631578,
    53.289473684211));
#4027 = CARTESIAN_POINT('',(261.79210526315,-217.1052631578,
    53.289473684211));
#4028 = CARTESIAN_POINT('',(273.0528726425,-188.479954505,
    28.316081980034));
#4029 = CARTESIAN_POINT('',(306.2,-224.5650390803,59.797557436088));
#4030 = CARTESIAN_POINT('',(339.34712735749,-188.479954505,
    28.316081980034));
#4031 = CARTESIAN_POINT('',(350.60789473684,-217.1052631578,
    53.289473684211));
#4032 = CARTESIAN_POINT('',(261.79210526315,-217.1052631578,
    53.289473684211));
#4033 = CARTESIAN_POINT('',(273.0528726425,-177.7894094159,
    42.151326818392));
#4034 = CARTESIAN_POINT('',(306.2,-227.3510027818,56.192082729154));
#4035 = CARTESIAN_POINT('',(339.34712735749,-177.7894094159,
    42.151326818392));
#4036 = CARTESIAN_POINT('',(350.60789473684,-217.1052631578,
    53.289473684211));
#4037 = CARTESIAN_POINT('',(261.79210526315,-217.1052631578,
    53.289473684211));
#4038 = CARTESIAN_POINT('',(273.0528726425,-174.3426849205,
    60.835225094323));
#4039 = CARTESIAN_POINT('',(306.2,-228.2492216522,51.323045466147));
#4040 = CARTESIAN_POINT('',(339.34712735749,-174.3426849205,
    60.835225094323));
#4041 = CARTESIAN_POINT('',(350.60789473684,-217.1052631578,
    53.289473684211));
#4042 = CARTESIAN_POINT('',(261.79210526315,-217.1052631578,
    53.289473684211));
#4043 = CARTESIAN_POINT('',(273.0528726425,-180.4632309364,
    80.230222465869));
#4044 = CARTESIAN_POINT('',(306.2,-226.6542029799,46.268695269879));
#4045 = CARTESIAN_POINT('',(339.34712735749,-180.4632309364,
    80.230222465869));
#4046 = CARTESIAN_POINT('',(350.60789473684,-217.1052631578,
    53.289473684211));
#4047 = CARTESIAN_POINT('',(261.79210526315,-217.1052631578,
    53.289473684211));
#4048 = CARTESIAN_POINT('',(273.0528726425,-195.869510341,
    95.036135291569));
#4049 = CARTESIAN_POINT('',(306.2,-222.6393155406,42.410263790725));
#4050 = CARTESIAN_POINT('',(339.34712735749,-195.869510341,
    95.036135291569));
#4051 = CARTESIAN_POINT('',(350.60789473684,-217.1052631578,
    53.289473684211));
#4052 = CARTESIAN_POINT('',(261.79210526315,-217.1052631578,
    53.289473684211));
#4053 = CARTESIAN_POINT('',(273.0528726425,-217.1052631574,
    100.61026602774));
#4054 = CARTESIAN_POINT('',(306.2,-217.105263158,40.957641331403));
#4055 = CARTESIAN_POINT('',(339.34712735749,-217.1052631574,
    100.61026602774));
#4056 = CARTESIAN_POINT('',(350.60789473684,-217.1052631578,
    53.289473684211));
#4057 = CARTESIAN_POINT('',(261.79210526315,-217.1052631578,
    53.289473684211));
#4058 = CARTESIAN_POINT('',(273.0528726425,-238.3410159755,
    95.036135291587));
#4059 = CARTESIAN_POINT('',(306.2,-211.5712107749,42.41026379072));
#4060 = CARTESIAN_POINT('',(339.34712735749,-238.3410159755,
    95.036135291587));
#4061 = CARTESIAN_POINT('',(350.60789473684,-217.1052631578,
    53.289473684211));
#4062 = CARTESIAN_POINT('',(261.79210526315,-217.1052631578,
    53.289473684211));
#4063 = CARTESIAN_POINT('',(273.0528726425,-253.7472953786,
    80.230222465843));
#4064 = CARTESIAN_POINT('',(306.2,-207.5563233359,46.268695269886));
#4065 = CARTESIAN_POINT('',(339.34712735749,-253.7472953786,
    80.230222465843));
#4066 = CARTESIAN_POINT('',(350.60789473684,-217.1052631578,
    53.289473684211));
#4067 = CARTESIAN_POINT('',(261.79210526315,-217.1052631578,
    53.289473684211));
#4068 = CARTESIAN_POINT('',(273.0528726425,-259.8678413956,
    60.835225094346));
#4069 = CARTESIAN_POINT('',(306.2,-205.9613046634,51.323045466141));
#4070 = CARTESIAN_POINT('',(339.34712735749,-259.8678413956,
    60.835225094346));
#4071 = CARTESIAN_POINT('',(350.60789473684,-217.1052631578,
    53.289473684211));
#4072 = CARTESIAN_POINT('',(261.79210526315,-217.1052631578,
    53.289473684211));
#4073 = CARTESIAN_POINT('',(273.0528726425,-256.4211168996,
    42.151326818378));
#4074 = CARTESIAN_POINT('',(306.2,-206.8595235339,56.192082729158));
#4075 = CARTESIAN_POINT('',(339.34712735749,-256.4211168996,
    42.151326818378));
#4076 = CARTESIAN_POINT('',(350.60789473684,-217.1052631578,
    53.289473684211));
#4077 = CARTESIAN_POINT('',(261.79210526315,-217.1052631578,
    53.289473684211));
#4078 = CARTESIAN_POINT('',(273.0528726425,-245.7305718108,
    28.31608198004));
#4079 = CARTESIAN_POINT('',(306.2,-209.6454872354,59.797557436086));
#4080 = CARTESIAN_POINT('',(339.34712735749,-245.7305718108,
    28.31608198004));
#4081 = CARTESIAN_POINT('',(350.60789473684,-217.1052631578,
    53.289473684211));
#4082 = CARTESIAN_POINT('',(261.79210526315,-217.1052631578,
    53.289473684211));
#4083 = CARTESIAN_POINT('',(273.0528726425,-231.4179148427,
    21.398463982586));
#4084 = CARTESIAN_POINT('',(306.2,-213.375375885,61.600293637249));
#4085 = CARTESIAN_POINT('',(339.34712735749,-231.4179148427,
    21.398463982586));
#4086 = CARTESIAN_POINT('',(350.60789473684,-217.1052631578,
    53.289473684211));
#4087 = CARTESIAN_POINT('',(261.79210526315,-217.1052631578,
    53.289473684211));
#4088 = CARTESIAN_POINT('',(273.0528726425,-217.1052631578,
    21.398463982591));
#4089 = CARTESIAN_POINT('',(306.2,-217.1052631578,61.600293637247));
#4090 = CARTESIAN_POINT('',(339.34712735749,-217.1052631578,
    21.398463982591));
#4091 = CARTESIAN_POINT('',(350.60789473684,-217.1052631578,
    53.289473684211));
#4092 = MANIFOLD_SOLID_BREP('',#4093);
#4093 = CLOSED_SHELL('',(#4094,#4134,#4165,#4189,#4213,#4230,#4261,#4292
    ,#4323,#4354,#4378,#4402,#4419,#4443,#4474,#4498,#4515,#4546,#4563,
    #4580,#4597,#4614));
#4094 = ADVANCED_FACE('',(#4095),#4129,.F.);
#4095 = FACE_BOUND('',#4096,.F.);
#4096 = EDGE_LOOP('',(#4097,#4107,#4115,#4123));
#4097 = ORIENTED_EDGE('',*,*,#4098,.F.);
#4098 = EDGE_CURVE('',#4099,#4101,#4103,.T.);
#4099 = VERTEX_POINT('',#4100);
#4100 = CARTESIAN_POINT('',(160.64078947368,-228.75,52.289473684211));
#4101 = VERTEX_POINT('',#4102);
#4102 = CARTESIAN_POINT('',(160.64078947368,-228.75,54.289473684211));
#4103 = LINE('',#4104,#4105);
#4104 = CARTESIAN_POINT('',(160.64078947368,-228.75,52.289473684211));
#4105 = VECTOR('',#4106,1.);
#4106 = DIRECTION('',(0.,0.,1.));
#4107 = ORIENTED_EDGE('',*,*,#4108,.T.);
#4108 = EDGE_CURVE('',#4099,#4109,#4111,.T.);
#4109 = VERTEX_POINT('',#4110);
#4110 = CARTESIAN_POINT('',(160.64078947368,-205.4605263157,
    52.289473684211));
#4111 = LINE('',#4112,#4113);
#4112 = CARTESIAN_POINT('',(160.64078947368,-228.75,52.289473684211));
#4113 = VECTOR('',#4114,1.);
#4114 = DIRECTION('',(0.,1.,0.));
#4115 = ORIENTED_EDGE('',*,*,#4116,.T.);
#4116 = EDGE_CURVE('',#4109,#4117,#4119,.T.);
#4117 = VERTEX_POINT('',#4118);
#4118 = CARTESIAN_POINT('',(160.64078947368,-205.4605263157,
    54.289473684211));
#4119 = LINE('',#4120,#4121);
#4120 = CARTESIAN_POINT('',(160.64078947368,-205.4605263157,
    52.289473684211));
#4121 = VECTOR('',#4122,1.);
#4122 = DIRECTION('',(0.,0.,1.));
#4123 = ORIENTED_EDGE('',*,*,#4124,.F.);
#4124 = EDGE_CURVE('',#4101,#4117,#4125,.T.);
#4125 = LINE('',#4126,#4127);
#4126 = CARTESIAN_POINT('',(160.64078947368,-228.75,54.289473684211));
#4127 = VECTOR('',#4128,1.);
#4128 = DIRECTION('',(0.,1.,0.));
#4129 = PLANE('',#4130);
#4130 = AXIS2_PLACEMENT_3D('',#4131,#4132,#4133);
#4131 = CARTESIAN_POINT('',(160.64078947368,-228.75,52.289473684211));
#4132 = DIRECTION('',(1.,0.,0.));
#4133 = DIRECTION('',(0.,0.,1.));
#4134 = ADVANCED_FACE('',(#4135),#4160,.F.);
#4135 = FACE_BOUND('',#4136,.F.);
#4136 = EDGE_LOOP('',(#4137,#4145,#4146,#4154));
#4137 = ORIENTED_EDGE('',*,*,#4138,.F.);
#4138 = EDGE_CURVE('',#4099,#4139,#4141,.T.);
#4139 = VERTEX_POINT('',#4140);
#4140 = CARTESIAN_POINT('',(294.55526315789,-228.75,52.289473684211));
#4141 = LINE('',#4142,#4143);
#4142 = CARTESIAN_POINT('',(160.64078947368,-228.75,52.289473684211));
#4143 = VECTOR('',#4144,1.);
#4144 = DIRECTION('',(1.,0.,0.));
#4145 = ORIENTED_EDGE('',*,*,#4098,.T.);
#4146 = ORIENTED_EDGE('',*,*,#4147,.T.);
#4147 = EDGE_CURVE('',#4101,#4148,#4150,.T.);
#4148 = VERTEX_POINT('',#4149);
#4149 = CARTESIAN_POINT('',(294.55526315789,-228.75,54.289473684211));
#4150 = LINE('',#4151,#4152);
#4151 = CARTESIAN_POINT('',(160.64078947368,-228.75,54.289473684211));
#4152 = VECTOR('',#4153,1.);
#4153 = DIRECTION('',(1.,0.,0.));
#4154 = ORIENTED_EDGE('',*,*,#4155,.F.);
#4155 = EDGE_CURVE('',#4139,#4148,#4156,.T.);
#4156 = LINE('',#4157,#4158);
#4157 = CARTESIAN_POINT('',(294.55526315789,-228.75,52.289473684211));
#4158 = VECTOR('',#4159,1.);
#4159 = DIRECTION('',(0.,0.,1.));
#4160 = PLANE('',#4161);
#4161 = AXIS2_PLACEMENT_3D('',#4162,#4163,#4164);
#4162 = CARTESIAN_POINT('',(160.64078947368,-228.75,52.289473684211));
#4163 = DIRECTION('',(0.,1.,0.));
#4164 = DIRECTION('',(0.,0.,1.));
#4165 = ADVANCED_FACE('',(#4166),#4184,.T.);
#4166 = FACE_BOUND('',#4167,.T.);
#4167 = EDGE_LOOP('',(#4168,#4176,#4177,#4178));
#4168 = ORIENTED_EDGE('',*,*,#4169,.F.);
#4169 = EDGE_CURVE('',#4117,#4170,#4172,.T.);
#4170 = VERTEX_POINT('',#4171);
#4171 = CARTESIAN_POINT('',(294.55526315789,-205.4605263157,
    54.289473684211));
#4172 = LINE('',#4173,#4174);
#4173 = CARTESIAN_POINT('',(160.64078947368,-205.4605263157,
    54.289473684211));
#4174 = VECTOR('',#4175,1.);
#4175 = DIRECTION('',(1.,0.,0.));
#4176 = ORIENTED_EDGE('',*,*,#4124,.F.);
#4177 = ORIENTED_EDGE('',*,*,#4147,.T.);
#4178 = ORIENTED_EDGE('',*,*,#4179,.T.);
#4179 = EDGE_CURVE('',#4148,#4170,#4180,.T.);
#4180 = LINE('',#4181,#4182);
#4181 = CARTESIAN_POINT('',(294.55526315789,-362.6644736842,
    54.289473684211));
#4182 = VECTOR('',#4183,1.);
#4183 = DIRECTION('',(1.110223024625E-16,1.,0.));
#4184 = PLANE('',#4185);
#4185 = AXIS2_PLACEMENT_3D('',#4186,#4187,#4188);
#4186 = CARTESIAN_POINT('',(160.64078947368,-228.75,54.289473684211));
#4187 = DIRECTION('',(0.,0.,1.));
#4188 = DIRECTION('',(1.,0.,0.));
#4189 = ADVANCED_FACE('',(#4190),#4208,.T.);
#4190 = FACE_BOUND('',#4191,.T.);
#4191 = EDGE_LOOP('',(#4192,#4200,#4201,#4202));
#4192 = ORIENTED_EDGE('',*,*,#4193,.F.);
#4193 = EDGE_CURVE('',#4109,#4194,#4196,.T.);
#4194 = VERTEX_POINT('',#4195);
#4195 = CARTESIAN_POINT('',(294.55526315789,-205.4605263157,
    52.289473684211));
#4196 = LINE('',#4197,#4198);
#4197 = CARTESIAN_POINT('',(160.64078947368,-205.4605263157,
    52.289473684211));
#4198 = VECTOR('',#4199,1.);
#4199 = DIRECTION('',(1.,0.,0.));
#4200 = ORIENTED_EDGE('',*,*,#4116,.T.);
#4201 = ORIENTED_EDGE('',*,*,#4169,.T.);
#4202 = ORIENTED_EDGE('',*,*,#4203,.F.);
#4203 = EDGE_CURVE('',#4194,#4170,#4204,.T.);
#4204 = LINE('',#4205,#4206);
#4205 = CARTESIAN_POINT('',(294.55526315789,-205.4605263157,
    52.289473684211));
#4206 = VECTOR('',#4207,1.);
#4207 = DIRECTION('',(0.,0.,1.));
#4208 = PLANE('',#4209);
#4209 = AXIS2_PLACEMENT_3D('',#4210,#4211,#4212);
#4210 = CARTESIAN_POINT('',(160.64078947368,-205.4605263157,
    52.289473684211));
#4211 = DIRECTION('',(0.,1.,0.));
#4212 = DIRECTION('',(0.,0.,1.));
#4213 = ADVANCED_FACE('',(#4214),#4225,.F.);
#4214 = FACE_BOUND('',#4215,.F.);
#4215 = EDGE_LOOP('',(#4216,#4217,#4218,#4219));
#4216 = ORIENTED_EDGE('',*,*,#4193,.F.);
#4217 = ORIENTED_EDGE('',*,*,#4108,.F.);
#4218 = ORIENTED_EDGE('',*,*,#4138,.T.);
#4219 = ORIENTED_EDGE('',*,*,#4220,.T.);
#4220 = EDGE_CURVE('',#4139,#4194,#4221,.T.);
#4221 = LINE('',#4222,#4223);
#4222 = CARTESIAN_POINT('',(294.55526315789,-362.6644736842,
    52.289473684211));
#4223 = VECTOR('',#4224,1.);
#4224 = DIRECTION('',(1.110223024625E-16,1.,0.));
#4225 = PLANE('',#4226);
#4226 = AXIS2_PLACEMENT_3D('',#4227,#4228,#4229);
#4227 = CARTESIAN_POINT('',(160.64078947368,-228.75,52.289473684211));
#4228 = DIRECTION('',(0.,0.,1.));
#4229 = DIRECTION('',(1.,0.,0.));
#4230 = ADVANCED_FACE('',(#4231),#4256,.T.);
#4231 = FACE_BOUND('',#4232,.T.);
#4232 = EDGE_LOOP('',(#4233,#4241,#4249,#4255));
#4233 = ORIENTED_EDGE('',*,*,#4234,.F.);
#4234 = EDGE_CURVE('',#4235,#4139,#4237,.T.);
#4235 = VERTEX_POINT('',#4236);
#4236 = CARTESIAN_POINT('',(294.55526315789,-362.6644736842,
    52.289473684211));
#4237 = LINE('',#4238,#4239);
#4238 = CARTESIAN_POINT('',(294.55526315789,-362.6644736842,
    52.289473684211));
#4239 = VECTOR('',#4240,1.);
#4240 = DIRECTION('',(1.110223024625E-16,1.,0.));
#4241 = ORIENTED_EDGE('',*,*,#4242,.T.);
#4242 = EDGE_CURVE('',#4235,#4243,#4245,.T.);
#4243 = VERTEX_POINT('',#4244);
#4244 = CARTESIAN_POINT('',(294.55526315789,-362.6644736842,
    54.289473684211));
#4245 = LINE('',#4246,#4247);
#4246 = CARTESIAN_POINT('',(294.55526315789,-362.6644736842,
    52.289473684211));
#4247 = VECTOR('',#4248,1.);
#4248 = DIRECTION('',(0.,0.,1.));
#4249 = ORIENTED_EDGE('',*,*,#4250,.T.);
#4250 = EDGE_CURVE('',#4243,#4148,#4251,.T.);
#4251 = LINE('',#4252,#4253);
#4252 = CARTESIAN_POINT('',(294.55526315789,-362.6644736842,
    54.289473684211));
#4253 = VECTOR('',#4254,1.);
#4254 = DIRECTION('',(1.110223024625E-16,1.,0.));
#4255 = ORIENTED_EDGE('',*,*,#4155,.F.);
#4256 = PLANE('',#4257);
#4257 = AXIS2_PLACEMENT_3D('',#4258,#4259,#4260);
#4258 = CARTESIAN_POINT('',(294.55526315789,-362.6644736842,
    52.289473684211));
#4259 = DIRECTION('',(-1.,1.110223024625E-16,0.));
#4260 = DIRECTION('',(0.,0.,1.));
#4261 = ADVANCED_FACE('',(#4262),#4287,.T.);
#4262 = FACE_BOUND('',#4263,.T.);
#4263 = EDGE_LOOP('',(#4264,#4272,#4273,#4281));
#4264 = ORIENTED_EDGE('',*,*,#4265,.F.);
#4265 = EDGE_CURVE('',#4170,#4266,#4268,.T.);
#4266 = VERTEX_POINT('',#4267);
#4267 = CARTESIAN_POINT('',(317.8447368421,-205.4605263157,
    54.289473684211));
#4268 = LINE('',#4269,#4270);
#4269 = CARTESIAN_POINT('',(160.64078947368,-205.4605263157,
    54.289473684211));
#4270 = VECTOR('',#4271,1.);
#4271 = DIRECTION('',(1.,0.,0.));
#4272 = ORIENTED_EDGE('',*,*,#4179,.F.);
#4273 = ORIENTED_EDGE('',*,*,#4274,.T.);
#4274 = EDGE_CURVE('',#4148,#4275,#4277,.T.);
#4275 = VERTEX_POINT('',#4276);
#4276 = CARTESIAN_POINT('',(317.8447368421,-228.75,54.289473684211));
#4277 = LINE('',#4278,#4279);
#4278 = CARTESIAN_POINT('',(160.64078947368,-228.75,54.289473684211));
#4279 = VECTOR('',#4280,1.);
#4280 = DIRECTION('',(1.,0.,0.));
#4281 = ORIENTED_EDGE('',*,*,#4282,.T.);
#4282 = EDGE_CURVE('',#4275,#4266,#4283,.T.);
#4283 = LINE('',#4284,#4285);
#4284 = CARTESIAN_POINT('',(317.8447368421,-362.6644736842,
    54.289473684211));
#4285 = VECTOR('',#4286,1.);
#4286 = DIRECTION('',(1.110223024625E-16,1.,0.));
#4287 = PLANE('',#4288);
#4288 = AXIS2_PLACEMENT_3D('',#4289,#4290,#4291);
#4289 = CARTESIAN_POINT('',(160.64078947368,-228.75,54.289473684211));
#4290 = DIRECTION('',(0.,0.,1.));
#4291 = DIRECTION('',(1.,0.,0.));
#4292 = ADVANCED_FACE('',(#4293),#4318,.T.);
#4293 = FACE_BOUND('',#4294,.T.);
#4294 = EDGE_LOOP('',(#4295,#4303,#4304,#4312));
#4295 = ORIENTED_EDGE('',*,*,#4296,.F.);
#4296 = EDGE_CURVE('',#4194,#4297,#4299,.T.);
#4297 = VERTEX_POINT('',#4298);
#4298 = CARTESIAN_POINT('',(294.55526315789,-71.54605263157,
    52.289473684211));
#4299 = LINE('',#4300,#4301);
#4300 = CARTESIAN_POINT('',(294.55526315789,-362.6644736842,
    52.289473684211));
#4301 = VECTOR('',#4302,1.);
#4302 = DIRECTION('',(1.110223024625E-16,1.,0.));
#4303 = ORIENTED_EDGE('',*,*,#4203,.T.);
#4304 = ORIENTED_EDGE('',*,*,#4305,.T.);
#4305 = EDGE_CURVE('',#4170,#4306,#4308,.T.);
#4306 = VERTEX_POINT('',#4307);
#4307 = CARTESIAN_POINT('',(294.55526315789,-71.54605263157,
    54.289473684211));
#4308 = LINE('',#4309,#4310);
#4309 = CARTESIAN_POINT('',(294.55526315789,-362.6644736842,
    54.289473684211));
#4310 = VECTOR('',#4311,1.);
#4311 = DIRECTION('',(1.110223024625E-16,1.,0.));
#4312 = ORIENTED_EDGE('',*,*,#4313,.F.);
#4313 = EDGE_CURVE('',#4297,#4306,#4314,.T.);
#4314 = LINE('',#4315,#4316);
#4315 = CARTESIAN_POINT('',(294.55526315789,-71.54605263157,
    52.289473684211));
#4316 = VECTOR('',#4317,1.);
#4317 = DIRECTION('',(0.,0.,1.));
#4318 = PLANE('',#4319);
#4319 = AXIS2_PLACEMENT_3D('',#4320,#4321,#4322);
#4320 = CARTESIAN_POINT('',(294.55526315789,-362.6644736842,
    52.289473684211));
#4321 = DIRECTION('',(-1.,1.110223024625E-16,0.));
#4322 = DIRECTION('',(0.,0.,1.));
#4323 = ADVANCED_FACE('',(#4324),#4349,.F.);
#4324 = FACE_BOUND('',#4325,.F.);
#4325 = EDGE_LOOP('',(#4326,#4334,#4335,#4343));
#4326 = ORIENTED_EDGE('',*,*,#4327,.F.);
#4327 = EDGE_CURVE('',#4194,#4328,#4330,.T.);
#4328 = VERTEX_POINT('',#4329);
#4329 = CARTESIAN_POINT('',(317.8447368421,-205.4605263157,
    52.289473684211));
#4330 = LINE('',#4331,#4332);
#4331 = CARTESIAN_POINT('',(160.64078947368,-205.4605263157,
    52.289473684211));
#4332 = VECTOR('',#4333,1.);
#4333 = DIRECTION('',(1.,0.,0.));
#4334 = ORIENTED_EDGE('',*,*,#4220,.F.);
#4335 = ORIENTED_EDGE('',*,*,#4336,.T.);
#4336 = EDGE_CURVE('',#4139,#4337,#4339,.T.);
#4337 = VERTEX_POINT('',#4338);
#4338 = CARTESIAN_POINT('',(317.8447368421,-228.75,52.289473684211));
#4339 = LINE('',#4340,#4341);
#4340 = CARTESIAN_POINT('',(160.64078947368,-228.75,52.289473684211));
#4341 = VECTOR('',#4342,1.);
#4342 = DIRECTION('',(1.,0.,0.));
#4343 = ORIENTED_EDGE('',*,*,#4344,.T.);
#4344 = EDGE_CURVE('',#4337,#4328,#4345,.T.);
#4345 = LINE('',#4346,#4347);
#4346 = CARTESIAN_POINT('',(317.8447368421,-362.6644736842,
    52.289473684211));
#4347 = VECTOR('',#4348,1.);
#4348 = DIRECTION('',(1.110223024625E-16,1.,0.));
#4349 = PLANE('',#4350);
#4350 = AXIS2_PLACEMENT_3D('',#4351,#4352,#4353);
#4351 = CARTESIAN_POINT('',(160.64078947368,-228.75,52.289473684211));
#4352 = DIRECTION('',(0.,0.,1.));
#4353 = DIRECTION('',(1.,0.,0.));
#4354 = ADVANCED_FACE('',(#4355),#4373,.F.);
#4355 = FACE_BOUND('',#4356,.F.);
#4356 = EDGE_LOOP('',(#4357,#4358,#4366,#4372));
#4357 = ORIENTED_EDGE('',*,*,#4234,.F.);
#4358 = ORIENTED_EDGE('',*,*,#4359,.F.);
#4359 = EDGE_CURVE('',#4360,#4235,#4362,.T.);
#4360 = VERTEX_POINT('',#4361);
#4361 = CARTESIAN_POINT('',(317.8447368421,-362.6644736842,
    52.289473684211));
#4362 = LINE('',#4363,#4364);
#4363 = CARTESIAN_POINT('',(317.8447368421,-362.6644736842,
    52.289473684211));
#4364 = VECTOR('',#4365,1.);
#4365 = DIRECTION('',(-1.,1.110223024625E-16,0.));
#4366 = ORIENTED_EDGE('',*,*,#4367,.T.);
#4367 = EDGE_CURVE('',#4360,#4337,#4368,.T.);
#4368 = LINE('',#4369,#4370);
#4369 = CARTESIAN_POINT('',(317.8447368421,-362.6644736842,
    52.289473684211));
#4370 = VECTOR('',#4371,1.);
#4371 = DIRECTION('',(1.110223024625E-16,1.,0.));
#4372 = ORIENTED_EDGE('',*,*,#4336,.F.);
#4373 = PLANE('',#4374);
#4374 = AXIS2_PLACEMENT_3D('',#4375,#4376,#4377);
#4375 = CARTESIAN_POINT('',(317.8447368421,-362.6644736842,
    52.289473684211));
#4376 = DIRECTION('',(0.,0.,1.));
#4377 = DIRECTION('',(1.110223024625E-16,1.,0.));
#4378 = ADVANCED_FACE('',(#4379),#4397,.T.);
#4379 = FACE_BOUND('',#4380,.T.);
#4380 = EDGE_LOOP('',(#4381,#4382,#4390,#4396));
#4381 = ORIENTED_EDGE('',*,*,#4250,.F.);
#4382 = ORIENTED_EDGE('',*,*,#4383,.F.);
#4383 = EDGE_CURVE('',#4384,#4243,#4386,.T.);
#4384 = VERTEX_POINT('',#4385);
#4385 = CARTESIAN_POINT('',(317.8447368421,-362.6644736842,
    54.289473684211));
#4386 = LINE('',#4387,#4388);
#4387 = CARTESIAN_POINT('',(317.8447368421,-362.6644736842,
    54.289473684211));
#4388 = VECTOR('',#4389,1.);
#4389 = DIRECTION('',(-1.,1.110223024625E-16,0.));
#4390 = ORIENTED_EDGE('',*,*,#4391,.T.);
#4391 = EDGE_CURVE('',#4384,#4275,#4392,.T.);
#4392 = LINE('',#4393,#4394);
#4393 = CARTESIAN_POINT('',(317.8447368421,-362.6644736842,
    54.289473684211));
#4394 = VECTOR('',#4395,1.);
#4395 = DIRECTION('',(1.110223024625E-16,1.,0.));
#4396 = ORIENTED_EDGE('',*,*,#4274,.F.);
#4397 = PLANE('',#4398);
#4398 = AXIS2_PLACEMENT_3D('',#4399,#4400,#4401);
#4399 = CARTESIAN_POINT('',(317.8447368421,-362.6644736842,
    54.289473684211));
#4400 = DIRECTION('',(0.,0.,1.));
#4401 = DIRECTION('',(1.110223024625E-16,1.,0.));
#4402 = ADVANCED_FACE('',(#4403),#4414,.F.);
#4403 = FACE_BOUND('',#4404,.F.);
#4404 = EDGE_LOOP('',(#4405,#4411,#4412,#4413));
#4405 = ORIENTED_EDGE('',*,*,#4406,.F.);
#4406 = EDGE_CURVE('',#4360,#4384,#4407,.T.);
#4407 = LINE('',#4408,#4409);
#4408 = CARTESIAN_POINT('',(317.8447368421,-362.6644736842,
    52.289473684211));
#4409 = VECTOR('',#4410,1.);
#4410 = DIRECTION('',(0.,0.,1.));
#4411 = ORIENTED_EDGE('',*,*,#4359,.T.);
#4412 = ORIENTED_EDGE('',*,*,#4242,.T.);
#4413 = ORIENTED_EDGE('',*,*,#4383,.F.);
#4414 = PLANE('',#4415);
#4415 = AXIS2_PLACEMENT_3D('',#4416,#4417,#4418);
#4416 = CARTESIAN_POINT('',(317.8447368421,-362.6644736842,
    52.289473684211));
#4417 = DIRECTION('',(1.110223024625E-16,1.,0.));
#4418 = DIRECTION('',(0.,0.,1.));
#4419 = ADVANCED_FACE('',(#4420),#4438,.T.);
#4420 = FACE_BOUND('',#4421,.T.);
#4421 = EDGE_LOOP('',(#4422,#4423,#4424,#4432));
#4422 = ORIENTED_EDGE('',*,*,#4305,.F.);
#4423 = ORIENTED_EDGE('',*,*,#4265,.T.);
#4424 = ORIENTED_EDGE('',*,*,#4425,.T.);
#4425 = EDGE_CURVE('',#4266,#4426,#4428,.T.);
#4426 = VERTEX_POINT('',#4427);
#4427 = CARTESIAN_POINT('',(317.8447368421,-71.54605263157,
    54.289473684211));
#4428 = LINE('',#4429,#4430);
#4429 = CARTESIAN_POINT('',(317.8447368421,-362.6644736842,
    54.289473684211));
#4430 = VECTOR('',#4431,1.);
#4431 = DIRECTION('',(1.110223024625E-16,1.,0.));
#4432 = ORIENTED_EDGE('',*,*,#4433,.T.);
#4433 = EDGE_CURVE('',#4426,#4306,#4434,.T.);
#4434 = LINE('',#4435,#4436);
#4435 = CARTESIAN_POINT('',(317.8447368421,-71.54605263157,
    54.289473684211));
#4436 = VECTOR('',#4437,1.);
#4437 = DIRECTION('',(-1.,1.110223024625E-16,0.));
#4438 = PLANE('',#4439);
#4439 = AXIS2_PLACEMENT_3D('',#4440,#4441,#4442);
#4440 = CARTESIAN_POINT('',(317.8447368421,-362.6644736842,
    54.289473684211));
#4441 = DIRECTION('',(0.,0.,1.));
#4442 = DIRECTION('',(1.110223024625E-16,1.,0.));
#4443 = ADVANCED_FACE('',(#4444),#4469,.T.);
#4444 = FACE_BOUND('',#4445,.T.);
#4445 = EDGE_LOOP('',(#4446,#4454,#4455,#4463));
#4446 = ORIENTED_EDGE('',*,*,#4447,.F.);
#4447 = EDGE_CURVE('',#4266,#4448,#4450,.T.);
#4448 = VERTEX_POINT('',#4449);
#4449 = CARTESIAN_POINT('',(451.75921052631,-205.4605263157,
    54.289473684211));
#4450 = LINE('',#4451,#4452);
#4451 = CARTESIAN_POINT('',(160.64078947368,-205.4605263157,
    54.289473684211));
#4452 = VECTOR('',#4453,1.);
#4453 = DIRECTION('',(1.,0.,0.));
#4454 = ORIENTED_EDGE('',*,*,#4282,.F.);
#4455 = ORIENTED_EDGE('',*,*,#4456,.T.);
#4456 = EDGE_CURVE('',#4275,#4457,#4459,.T.);
#4457 = VERTEX_POINT('',#4458);
#4458 = CARTESIAN_POINT('',(451.75921052631,-228.75,54.289473684211));
#4459 = LINE('',#4460,#4461);
#4460 = CARTESIAN_POINT('',(160.64078947368,-228.75,54.289473684211));
#4461 = VECTOR('',#4462,1.);
#4462 = DIRECTION('',(1.,0.,0.));
#4463 = ORIENTED_EDGE('',*,*,#4464,.T.);
#4464 = EDGE_CURVE('',#4457,#4448,#4465,.T.);
#4465 = LINE('',#4466,#4467);
#4466 = CARTESIAN_POINT('',(451.75921052631,-228.75,54.289473684211));
#4467 = VECTOR('',#4468,1.);
#4468 = DIRECTION('',(0.,1.,0.));
#4469 = PLANE('',#4470);
#4470 = AXIS2_PLACEMENT_3D('',#4471,#4472,#4473);
#4471 = CARTESIAN_POINT('',(160.64078947368,-228.75,54.289473684211));
#4472 = DIRECTION('',(0.,0.,1.));
#4473 = DIRECTION('',(1.,0.,0.));
#4474 = ADVANCED_FACE('',(#4475),#4493,.F.);
#4475 = FACE_BOUND('',#4476,.F.);
#4476 = EDGE_LOOP('',(#4477,#4478,#4479,#4487));
#4477 = ORIENTED_EDGE('',*,*,#4296,.F.);
#4478 = ORIENTED_EDGE('',*,*,#4327,.T.);
#4479 = ORIENTED_EDGE('',*,*,#4480,.T.);
#4480 = EDGE_CURVE('',#4328,#4481,#4483,.T.);
#4481 = VERTEX_POINT('',#4482);
#4482 = CARTESIAN_POINT('',(317.8447368421,-71.54605263157,
    52.289473684211));
#4483 = LINE('',#4484,#4485);
#4484 = CARTESIAN_POINT('',(317.8447368421,-362.6644736842,
    52.289473684211));
#4485 = VECTOR('',#4486,1.);
#4486 = DIRECTION('',(1.110223024625E-16,1.,0.));
#4487 = ORIENTED_EDGE('',*,*,#4488,.T.);
#4488 = EDGE_CURVE('',#4481,#4297,#4489,.T.);
#4489 = LINE('',#4490,#4491);
#4490 = CARTESIAN_POINT('',(317.8447368421,-71.54605263157,
    52.289473684211));
#4491 = VECTOR('',#4492,1.);
#4492 = DIRECTION('',(-1.,1.110223024625E-16,0.));
#4493 = PLANE('',#4494);
#4494 = AXIS2_PLACEMENT_3D('',#4495,#4496,#4497);
#4495 = CARTESIAN_POINT('',(317.8447368421,-362.6644736842,
    52.289473684211));
#4496 = DIRECTION('',(0.,0.,1.));
#4497 = DIRECTION('',(1.110223024625E-16,1.,0.));
#4498 = ADVANCED_FACE('',(#4499),#4510,.T.);
#4499 = FACE_BOUND('',#4500,.T.);
#4500 = EDGE_LOOP('',(#4501,#4507,#4508,#4509));
#4501 = ORIENTED_EDGE('',*,*,#4502,.F.);
#4502 = EDGE_CURVE('',#4481,#4426,#4503,.T.);
#4503 = LINE('',#4504,#4505);
#4504 = CARTESIAN_POINT('',(317.8447368421,-71.54605263157,
    52.289473684211));
#4505 = VECTOR('',#4506,1.);
#4506 = DIRECTION('',(0.,0.,1.));
#4507 = ORIENTED_EDGE('',*,*,#4488,.T.);
#4508 = ORIENTED_EDGE('',*,*,#4313,.T.);
#4509 = ORIENTED_EDGE('',*,*,#4433,.F.);
#4510 = PLANE('',#4511);
#4511 = AXIS2_PLACEMENT_3D('',#4512,#4513,#4514);
#4512 = CARTESIAN_POINT('',(317.8447368421,-71.54605263157,
    52.289473684211));
#4513 = DIRECTION('',(1.110223024625E-16,1.,0.));
#4514 = DIRECTION('',(0.,0.,1.));
#4515 = ADVANCED_FACE('',(#4516),#4541,.F.);
#4516 = FACE_BOUND('',#4517,.F.);
#4517 = EDGE_LOOP('',(#4518,#4526,#4527,#4535));
#4518 = ORIENTED_EDGE('',*,*,#4519,.F.);
#4519 = EDGE_CURVE('',#4328,#4520,#4522,.T.);
#4520 = VERTEX_POINT('',#4521);
#4521 = CARTESIAN_POINT('',(451.75921052631,-205.4605263157,
    52.289473684211));
#4522 = LINE('',#4523,#4524);
#4523 = CARTESIAN_POINT('',(160.64078947368,-205.4605263157,
    52.289473684211));
#4524 = VECTOR('',#4525,1.);
#4525 = DIRECTION('',(1.,0.,0.));
#4526 = ORIENTED_EDGE('',*,*,#4344,.F.);
#4527 = ORIENTED_EDGE('',*,*,#4528,.T.);
#4528 = EDGE_CURVE('',#4337,#4529,#4531,.T.);
#4529 = VERTEX_POINT('',#4530);
#4530 = CARTESIAN_POINT('',(451.75921052631,-228.75,52.289473684211));
#4531 = LINE('',#4532,#4533);
#4532 = CARTESIAN_POINT('',(160.64078947368,-228.75,52.289473684211));
#4533 = VECTOR('',#4534,1.);
#4534 = DIRECTION('',(1.,0.,0.));
#4535 = ORIENTED_EDGE('',*,*,#4536,.T.);
#4536 = EDGE_CURVE('',#4529,#4520,#4537,.T.);
#4537 = LINE('',#4538,#4539);
#4538 = CARTESIAN_POINT('',(451.75921052631,-228.75,52.289473684211));
#4539 = VECTOR('',#4540,1.);
#4540 = DIRECTION('',(0.,1.,0.));
#4541 = PLANE('',#4542);
#4542 = AXIS2_PLACEMENT_3D('',#4543,#4544,#4545);
#4543 = CARTESIAN_POINT('',(160.64078947368,-228.75,52.289473684211));
#4544 = DIRECTION('',(0.,0.,1.));
#4545 = DIRECTION('',(1.,0.,0.));
#4546 = ADVANCED_FACE('',(#4547),#4558,.F.);
#4547 = FACE_BOUND('',#4548,.F.);
#4548 = EDGE_LOOP('',(#4549,#4550,#4551,#4552));
#4549 = ORIENTED_EDGE('',*,*,#4367,.F.);
#4550 = ORIENTED_EDGE('',*,*,#4406,.T.);
#4551 = ORIENTED_EDGE('',*,*,#4391,.T.);
#4552 = ORIENTED_EDGE('',*,*,#4553,.F.);
#4553 = EDGE_CURVE('',#4337,#4275,#4554,.T.);
#4554 = LINE('',#4555,#4556);
#4555 = CARTESIAN_POINT('',(317.8447368421,-228.75,52.289473684211));
#4556 = VECTOR('',#4557,1.);
#4557 = DIRECTION('',(0.,0.,1.));
#4558 = PLANE('',#4559);
#4559 = AXIS2_PLACEMENT_3D('',#4560,#4561,#4562);
#4560 = CARTESIAN_POINT('',(317.8447368421,-362.6644736842,
    52.289473684211));
#4561 = DIRECTION('',(-1.,1.110223024625E-16,0.));
#4562 = DIRECTION('',(0.,0.,1.));
#4563 = ADVANCED_FACE('',(#4564),#4575,.F.);
#4564 = FACE_BOUND('',#4565,.F.);
#4565 = EDGE_LOOP('',(#4566,#4567,#4573,#4574));
#4566 = ORIENTED_EDGE('',*,*,#4480,.F.);
#4567 = ORIENTED_EDGE('',*,*,#4568,.T.);
#4568 = EDGE_CURVE('',#4328,#4266,#4569,.T.);
#4569 = LINE('',#4570,#4571);
#4570 = CARTESIAN_POINT('',(317.8447368421,-205.4605263157,
    52.289473684211));
#4571 = VECTOR('',#4572,1.);
#4572 = DIRECTION('',(0.,0.,1.));
#4573 = ORIENTED_EDGE('',*,*,#4425,.T.);
#4574 = ORIENTED_EDGE('',*,*,#4502,.F.);
#4575 = PLANE('',#4576);
#4576 = AXIS2_PLACEMENT_3D('',#4577,#4578,#4579);
#4577 = CARTESIAN_POINT('',(317.8447368421,-362.6644736842,
    52.289473684211));
#4578 = DIRECTION('',(-1.,1.110223024625E-16,0.));
#4579 = DIRECTION('',(0.,0.,1.));
#4580 = ADVANCED_FACE('',(#4581),#4592,.T.);
#4581 = FACE_BOUND('',#4582,.T.);
#4582 = EDGE_LOOP('',(#4583,#4584,#4585,#4586));
#4583 = ORIENTED_EDGE('',*,*,#4519,.F.);
#4584 = ORIENTED_EDGE('',*,*,#4568,.T.);
#4585 = ORIENTED_EDGE('',*,*,#4447,.T.);
#4586 = ORIENTED_EDGE('',*,*,#4587,.F.);
#4587 = EDGE_CURVE('',#4520,#4448,#4588,.T.);
#4588 = LINE('',#4589,#4590);
#4589 = CARTESIAN_POINT('',(451.75921052631,-205.4605263157,
    52.289473684211));
#4590 = VECTOR('',#4591,1.);
#4591 = DIRECTION('',(0.,0.,1.));
#4592 = PLANE('',#4593);
#4593 = AXIS2_PLACEMENT_3D('',#4594,#4595,#4596);
#4594 = CARTESIAN_POINT('',(160.64078947368,-205.4605263157,
    52.289473684211));
#4595 = DIRECTION('',(0.,1.,0.));
#4596 = DIRECTION('',(0.,0.,1.));
#4597 = ADVANCED_FACE('',(#4598),#4609,.T.);
#4598 = FACE_BOUND('',#4599,.T.);
#4599 = EDGE_LOOP('',(#4600,#4606,#4607,#4608));
#4600 = ORIENTED_EDGE('',*,*,#4601,.F.);
#4601 = EDGE_CURVE('',#4529,#4457,#4602,.T.);
#4602 = LINE('',#4603,#4604);
#4603 = CARTESIAN_POINT('',(451.75921052631,-228.75,52.289473684211));
#4604 = VECTOR('',#4605,1.);
#4605 = DIRECTION('',(0.,0.,1.));
#4606 = ORIENTED_EDGE('',*,*,#4536,.T.);
#4607 = ORIENTED_EDGE('',*,*,#4587,.T.);
#4608 = ORIENTED_EDGE('',*,*,#4464,.F.);
#4609 = PLANE('',#4610);
#4610 = AXIS2_PLACEMENT_3D('',#4611,#4612,#4613);
#4611 = CARTESIAN_POINT('',(451.75921052631,-228.75,52.289473684211));
#4612 = DIRECTION('',(1.,0.,0.));
#4613 = DIRECTION('',(0.,0.,1.));
#4614 = ADVANCED_FACE('',(#4615),#4621,.F.);
#4615 = FACE_BOUND('',#4616,.F.);
#4616 = EDGE_LOOP('',(#4617,#4618,#4619,#4620));
#4617 = ORIENTED_EDGE('',*,*,#4528,.F.);
#4618 = ORIENTED_EDGE('',*,*,#4553,.T.);
#4619 = ORIENTED_EDGE('',*,*,#4456,.T.);
#4620 = ORIENTED_EDGE('',*,*,#4601,.F.);
#4621 = PLANE('',#4622);
#4622 = AXIS2_PLACEMENT_3D('',#4623,#4624,#4625);
#4623 = CARTESIAN_POINT('',(160.64078947368,-228.75,52.289473684211));
#4624 = DIRECTION('',(0.,1.,0.));
#4625 = DIRECTION('',(0.,0.,1.));
#4626 = MANIFOLD_SOLID_BREP('',#4627);
#4627 = CLOSED_SHELL('',(#4628,#4668,#4699,#4723,#4747,#4764,#4795,#4826
    ,#4857,#4888,#4912,#4936,#4953,#4977,#5008,#5032,#5049,#5080,#5097,
    #5114,#5131,#5148));
#4628 = ADVANCED_FACE('',(#4629),#4663,.F.);
#4629 = FACE_BOUND('',#4630,.F.);
#4630 = EDGE_LOOP('',(#4631,#4641,#4649,#4657));
#4631 = ORIENTED_EDGE('',*,*,#4632,.F.);
#4632 = EDGE_CURVE('',#4633,#4635,#4637,.T.);
#4633 = VERTEX_POINT('',#4634);
#4634 = CARTESIAN_POINT('',(899.,-11.6447368421,145.55921052631));
#4635 = VERTEX_POINT('',#4636);
#4636 = CARTESIAN_POINT('',(901.,-11.6447368421,145.55921052631));
#4637 = LINE('',#4638,#4639);
#4638 = CARTESIAN_POINT('',(899.,-11.6447368421,145.55921052631));
#4639 = VECTOR('',#4640,1.);
#4640 = DIRECTION('',(1.,0.,2.22044604925E-16));
#4641 = ORIENTED_EDGE('',*,*,#4642,.T.);
#4642 = EDGE_CURVE('',#4633,#4643,#4645,.T.);
#4643 = VERTEX_POINT('',#4644);
#4644 = CARTESIAN_POINT('',(899.,11.644736842105,145.55921052631));
#4645 = LINE('',#4646,#4647);
#4646 = CARTESIAN_POINT('',(899.,-11.6447368421,145.55921052631));
#4647 = VECTOR('',#4648,1.);
#4648 = DIRECTION('',(0.,1.,0.));
#4649 = ORIENTED_EDGE('',*,*,#4650,.T.);
#4650 = EDGE_CURVE('',#4643,#4651,#4653,.T.);
#4651 = VERTEX_POINT('',#4652);
#4652 = CARTESIAN_POINT('',(901.,11.644736842105,145.55921052631));
#4653 = LINE('',#4654,#4655);
#4654 = CARTESIAN_POINT('',(899.,11.644736842105,145.55921052631));
#4655 = VECTOR('',#4656,1.);
#4656 = DIRECTION('',(1.,0.,2.22044604925E-16));
#4657 = ORIENTED_EDGE('',*,*,#4658,.F.);
#4658 = EDGE_CURVE('',#4635,#4651,#4659,.T.);
#4659 = LINE('',#4660,#4661);
#4660 = CARTESIAN_POINT('',(901.,-11.6447368421,145.55921052631));
#4661 = VECTOR('',#4662,1.);
#4662 = DIRECTION('',(0.,1.,0.));
#4663 = PLANE('',#4664);
#4664 = AXIS2_PLACEMENT_3D('',#4665,#4666,#4667);
#4665 = CARTESIAN_POINT('',(899.,-11.6447368421,145.55921052631));
#4666 = DIRECTION('',(2.22044604925E-16,0.,-1.));
#4667 = DIRECTION('',(1.,0.,2.22044604925E-16));
#4668 = ADVANCED_FACE('',(#4669),#4694,.F.);
#4669 = FACE_BOUND('',#4670,.F.);
#4670 = EDGE_LOOP('',(#4671,#4679,#4680,#4688));
#4671 = ORIENTED_EDGE('',*,*,#4672,.F.);
#4672 = EDGE_CURVE('',#4633,#4673,#4675,.T.);
#4673 = VERTEX_POINT('',#4674);
#4674 = CARTESIAN_POINT('',(899.,-11.6447368421,11.644736842105));
#4675 = LINE('',#4676,#4677);
#4676 = CARTESIAN_POINT('',(899.,-11.6447368421,145.55921052631));
#4677 = VECTOR('',#4678,1.);
#4678 = DIRECTION('',(2.22044604925E-16,0.,-1.));
#4679 = ORIENTED_EDGE('',*,*,#4632,.T.);
#4680 = ORIENTED_EDGE('',*,*,#4681,.T.);
#4681 = EDGE_CURVE('',#4635,#4682,#4684,.T.);
#4682 = VERTEX_POINT('',#4683);
#4683 = CARTESIAN_POINT('',(901.,-11.6447368421,11.644736842105));
#4684 = LINE('',#4685,#4686);
#4685 = CARTESIAN_POINT('',(901.,-11.6447368421,145.55921052631));
#4686 = VECTOR('',#4687,1.);
#4687 = DIRECTION('',(2.22044604925E-16,0.,-1.));
#4688 = ORIENTED_EDGE('',*,*,#4689,.F.);
#4689 = EDGE_CURVE('',#4673,#4682,#4690,.T.);
#4690 = LINE('',#4691,#4692);
#4691 = CARTESIAN_POINT('',(899.,-11.6447368421,11.644736842105));
#4692 = VECTOR('',#4693,1.);
#4693 = DIRECTION('',(1.,0.,2.22044604925E-16));
#4694 = PLANE('',#4695);
#4695 = AXIS2_PLACEMENT_3D('',#4696,#4697,#4698);
#4696 = CARTESIAN_POINT('',(899.,-11.6447368421,145.55921052631));
#4697 = DIRECTION('',(0.,1.,0.));
#4698 = DIRECTION('',(1.,0.,2.22044604925E-16));
#4699 = ADVANCED_FACE('',(#4700),#4718,.T.);
#4700 = FACE_BOUND('',#4701,.T.);
#4701 = EDGE_LOOP('',(#4702,#4710,#4711,#4712));
#4702 = ORIENTED_EDGE('',*,*,#4703,.F.);
#4703 = EDGE_CURVE('',#4651,#4704,#4706,.T.);
#4704 = VERTEX_POINT('',#4705);
#4705 = CARTESIAN_POINT('',(901.,11.644736842105,11.644736842105));
#4706 = LINE('',#4707,#4708);
#4707 = CARTESIAN_POINT('',(901.,11.644736842105,145.55921052631));
#4708 = VECTOR('',#4709,1.);
#4709 = DIRECTION('',(2.22044604925E-16,0.,-1.));
#4710 = ORIENTED_EDGE('',*,*,#4658,.F.);
#4711 = ORIENTED_EDGE('',*,*,#4681,.T.);
#4712 = ORIENTED_EDGE('',*,*,#4713,.T.);
#4713 = EDGE_CURVE('',#4682,#4704,#4714,.T.);
#4714 = LINE('',#4715,#4716);
#4715 = CARTESIAN_POINT('',(901.,-145.5592105263,11.644736842105));
#4716 = VECTOR('',#4717,1.);
#4717 = DIRECTION('',(2.465190328816E-32,1.,-1.110223024625E-16));
#4718 = PLANE('',#4719);
#4719 = AXIS2_PLACEMENT_3D('',#4720,#4721,#4722);
#4720 = CARTESIAN_POINT('',(901.,-11.6447368421,145.55921052631));
#4721 = DIRECTION('',(1.,0.,2.22044604925E-16));
#4722 = DIRECTION('',(2.22044604925E-16,0.,-1.));
#4723 = ADVANCED_FACE('',(#4724),#4742,.T.);
#4724 = FACE_BOUND('',#4725,.T.);
#4725 = EDGE_LOOP('',(#4726,#4734,#4735,#4736));
#4726 = ORIENTED_EDGE('',*,*,#4727,.F.);
#4727 = EDGE_CURVE('',#4643,#4728,#4730,.T.);
#4728 = VERTEX_POINT('',#4729);
#4729 = CARTESIAN_POINT('',(899.,11.644736842105,11.644736842105));
#4730 = LINE('',#4731,#4732);
#4731 = CARTESIAN_POINT('',(899.,11.644736842105,145.55921052631));
#4732 = VECTOR('',#4733,1.);
#4733 = DIRECTION('',(2.22044604925E-16,0.,-1.));
#4734 = ORIENTED_EDGE('',*,*,#4650,.T.);
#4735 = ORIENTED_EDGE('',*,*,#4703,.T.);
#4736 = ORIENTED_EDGE('',*,*,#4737,.F.);
#4737 = EDGE_CURVE('',#4728,#4704,#4738,.T.);
#4738 = LINE('',#4739,#4740);
#4739 = CARTESIAN_POINT('',(899.,11.644736842105,11.644736842105));
#4740 = VECTOR('',#4741,1.);
#4741 = DIRECTION('',(1.,0.,2.22044604925E-16));
#4742 = PLANE('',#4743);
#4743 = AXIS2_PLACEMENT_3D('',#4744,#4745,#4746);
#4744 = CARTESIAN_POINT('',(899.,11.644736842105,145.55921052631));
#4745 = DIRECTION('',(0.,1.,0.));
#4746 = DIRECTION('',(1.,0.,2.22044604925E-16));
#4747 = ADVANCED_FACE('',(#4748),#4759,.F.);
#4748 = FACE_BOUND('',#4749,.F.);
#4749 = EDGE_LOOP('',(#4750,#4751,#4752,#4753));
#4750 = ORIENTED_EDGE('',*,*,#4727,.F.);
#4751 = ORIENTED_EDGE('',*,*,#4642,.F.);
#4752 = ORIENTED_EDGE('',*,*,#4672,.T.);
#4753 = ORIENTED_EDGE('',*,*,#4754,.T.);
#4754 = EDGE_CURVE('',#4673,#4728,#4755,.T.);
#4755 = LINE('',#4756,#4757);
#4756 = CARTESIAN_POINT('',(899.,-145.5592105263,11.644736842105));
#4757 = VECTOR('',#4758,1.);
#4758 = DIRECTION('',(2.465190328816E-32,1.,-1.110223024625E-16));
#4759 = PLANE('',#4760);
#4760 = AXIS2_PLACEMENT_3D('',#4761,#4762,#4763);
#4761 = CARTESIAN_POINT('',(899.,-11.6447368421,145.55921052631));
#4762 = DIRECTION('',(1.,0.,2.22044604925E-16));
#4763 = DIRECTION('',(2.22044604925E-16,0.,-1.));
#4764 = ADVANCED_FACE('',(#4765),#4790,.T.);
#4765 = FACE_BOUND('',#4766,.T.);
#4766 = EDGE_LOOP('',(#4767,#4775,#4783,#4789));
#4767 = ORIENTED_EDGE('',*,*,#4768,.F.);
#4768 = EDGE_CURVE('',#4769,#4673,#4771,.T.);
#4769 = VERTEX_POINT('',#4770);
#4770 = CARTESIAN_POINT('',(899.,-145.5592105263,11.644736842105));
#4771 = LINE('',#4772,#4773);
#4772 = CARTESIAN_POINT('',(899.,-145.5592105263,11.644736842105));
#4773 = VECTOR('',#4774,1.);
#4774 = DIRECTION('',(2.465190328816E-32,1.,-1.110223024625E-16));
#4775 = ORIENTED_EDGE('',*,*,#4776,.T.);
#4776 = EDGE_CURVE('',#4769,#4777,#4779,.T.);
#4777 = VERTEX_POINT('',#4778);
#4778 = CARTESIAN_POINT('',(901.,-145.5592105263,11.644736842105));
#4779 = LINE('',#4780,#4781);
#4780 = CARTESIAN_POINT('',(899.,-145.5592105263,11.644736842105));
#4781 = VECTOR('',#4782,1.);
#4782 = DIRECTION('',(1.,0.,2.22044604925E-16));
#4783 = ORIENTED_EDGE('',*,*,#4784,.T.);
#4784 = EDGE_CURVE('',#4777,#4682,#4785,.T.);
#4785 = LINE('',#4786,#4787);
#4786 = CARTESIAN_POINT('',(901.,-145.5592105263,11.644736842105));
#4787 = VECTOR('',#4788,1.);
#4788 = DIRECTION('',(2.465190328816E-32,1.,-1.110223024625E-16));
#4789 = ORIENTED_EDGE('',*,*,#4689,.F.);
#4790 = PLANE('',#4791);
#4791 = AXIS2_PLACEMENT_3D('',#4792,#4793,#4794);
#4792 = CARTESIAN_POINT('',(899.,-145.5592105263,11.644736842105));
#4793 = DIRECTION('',(-2.22044604925E-16,1.110223024625E-16,1.));
#4794 = DIRECTION('',(1.,0.,2.22044604925E-16));
#4795 = ADVANCED_FACE('',(#4796),#4821,.T.);
#4796 = FACE_BOUND('',#4797,.T.);
#4797 = EDGE_LOOP('',(#4798,#4806,#4807,#4815));
#4798 = ORIENTED_EDGE('',*,*,#4799,.F.);
#4799 = EDGE_CURVE('',#4704,#4800,#4802,.T.);
#4800 = VERTEX_POINT('',#4801);
#4801 = CARTESIAN_POINT('',(901.,11.644736842105,-11.6447368421));
#4802 = LINE('',#4803,#4804);
#4803 = CARTESIAN_POINT('',(901.,11.644736842105,145.55921052631));
#4804 = VECTOR('',#4805,1.);
#4805 = DIRECTION('',(2.22044604925E-16,0.,-1.));
#4806 = ORIENTED_EDGE('',*,*,#4713,.F.);
#4807 = ORIENTED_EDGE('',*,*,#4808,.T.);
#4808 = EDGE_CURVE('',#4682,#4809,#4811,.T.);
#4809 = VERTEX_POINT('',#4810);
#4810 = CARTESIAN_POINT('',(901.,-11.6447368421,-11.6447368421));
#4811 = LINE('',#4812,#4813);
#4812 = CARTESIAN_POINT('',(901.,-11.6447368421,145.55921052631));
#4813 = VECTOR('',#4814,1.);
#4814 = DIRECTION('',(2.22044604925E-16,0.,-1.));
#4815 = ORIENTED_EDGE('',*,*,#4816,.T.);
#4816 = EDGE_CURVE('',#4809,#4800,#4817,.T.);
#4817 = LINE('',#4818,#4819);
#4818 = CARTESIAN_POINT('',(901.,-145.5592105263,-11.6447368421));
#4819 = VECTOR('',#4820,1.);
#4820 = DIRECTION('',(2.465190328816E-32,1.,-1.110223024625E-16));
#4821 = PLANE('',#4822);
#4822 = AXIS2_PLACEMENT_3D('',#4823,#4824,#4825);
#4823 = CARTESIAN_POINT('',(901.,-11.6447368421,145.55921052631));
#4824 = DIRECTION('',(1.,0.,2.22044604925E-16));
#4825 = DIRECTION('',(2.22044604925E-16,0.,-1.));
#4826 = ADVANCED_FACE('',(#4827),#4852,.T.);
#4827 = FACE_BOUND('',#4828,.T.);
#4828 = EDGE_LOOP('',(#4829,#4837,#4838,#4846));
#4829 = ORIENTED_EDGE('',*,*,#4830,.F.);
#4830 = EDGE_CURVE('',#4728,#4831,#4833,.T.);
#4831 = VERTEX_POINT('',#4832);
#4832 = CARTESIAN_POINT('',(899.,145.55921052631,11.644736842105));
#4833 = LINE('',#4834,#4835);
#4834 = CARTESIAN_POINT('',(899.,-145.5592105263,11.644736842105));
#4835 = VECTOR('',#4836,1.);
#4836 = DIRECTION('',(2.465190328816E-32,1.,-1.110223024625E-16));
#4837 = ORIENTED_EDGE('',*,*,#4737,.T.);
#4838 = ORIENTED_EDGE('',*,*,#4839,.T.);
#4839 = EDGE_CURVE('',#4704,#4840,#4842,.T.);
#4840 = VERTEX_POINT('',#4841);
#4841 = CARTESIAN_POINT('',(901.,145.55921052631,11.644736842105));
#4842 = LINE('',#4843,#4844);
#4843 = CARTESIAN_POINT('',(901.,-145.5592105263,11.644736842105));
#4844 = VECTOR('',#4845,1.);
#4845 = DIRECTION('',(2.465190328816E-32,1.,-1.110223024625E-16));
#4846 = ORIENTED_EDGE('',*,*,#4847,.F.);
#4847 = EDGE_CURVE('',#4831,#4840,#4848,.T.);
#4848 = LINE('',#4849,#4850);
#4849 = CARTESIAN_POINT('',(899.,145.55921052631,11.644736842105));
#4850 = VECTOR('',#4851,1.);
#4851 = DIRECTION('',(1.,0.,2.22044604925E-16));
#4852 = PLANE('',#4853);
#4853 = AXIS2_PLACEMENT_3D('',#4854,#4855,#4856);
#4854 = CARTESIAN_POINT('',(899.,-145.5592105263,11.644736842105));
#4855 = DIRECTION('',(-2.22044604925E-16,1.110223024625E-16,1.));
#4856 = DIRECTION('',(1.,0.,2.22044604925E-16));
#4857 = ADVANCED_FACE('',(#4858),#4883,.F.);
#4858 = FACE_BOUND('',#4859,.F.);
#4859 = EDGE_LOOP('',(#4860,#4868,#4869,#4877));
#4860 = ORIENTED_EDGE('',*,*,#4861,.F.);
#4861 = EDGE_CURVE('',#4728,#4862,#4864,.T.);
#4862 = VERTEX_POINT('',#4863);
#4863 = CARTESIAN_POINT('',(899.,11.644736842105,-11.6447368421));
#4864 = LINE('',#4865,#4866);
#4865 = CARTESIAN_POINT('',(899.,11.644736842105,145.55921052631));
#4866 = VECTOR('',#4867,1.);
#4867 = DIRECTION('',(2.22044604925E-16,0.,-1.));
#4868 = ORIENTED_EDGE('',*,*,#4754,.F.);
#4869 = ORIENTED_EDGE('',*,*,#4870,.T.);
#4870 = EDGE_CURVE('',#4673,#4871,#4873,.T.);
#4871 = VERTEX_POINT('',#4872);
#4872 = CARTESIAN_POINT('',(899.,-11.6447368421,-11.6447368421));
#4873 = LINE('',#4874,#4875);
#4874 = CARTESIAN_POINT('',(899.,-11.6447368421,145.55921052631));
#4875 = VECTOR('',#4876,1.);
#4876 = DIRECTION('',(2.22044604925E-16,0.,-1.));
#4877 = ORIENTED_EDGE('',*,*,#4878,.T.);
#4878 = EDGE_CURVE('',#4871,#4862,#4879,.T.);
#4879 = LINE('',#4880,#4881);
#4880 = CARTESIAN_POINT('',(899.,-145.5592105263,-11.6447368421));
#4881 = VECTOR('',#4882,1.);
#4882 = DIRECTION('',(2.465190328816E-32,1.,-1.110223024625E-16));
#4883 = PLANE('',#4884);
#4884 = AXIS2_PLACEMENT_3D('',#4885,#4886,#4887);
#4885 = CARTESIAN_POINT('',(899.,-11.6447368421,145.55921052631));
#4886 = DIRECTION('',(1.,0.,2.22044604925E-16));
#4887 = DIRECTION('',(2.22044604925E-16,0.,-1.));
#4888 = ADVANCED_FACE('',(#4889),#4907,.F.);
#4889 = FACE_BOUND('',#4890,.F.);
#4890 = EDGE_LOOP('',(#4891,#4892,#4900,#4906));
#4891 = ORIENTED_EDGE('',*,*,#4768,.F.);
#4892 = ORIENTED_EDGE('',*,*,#4893,.F.);
#4893 = EDGE_CURVE('',#4894,#4769,#4896,.T.);
#4894 = VERTEX_POINT('',#4895);
#4895 = CARTESIAN_POINT('',(899.,-145.5592105263,-11.6447368421));
#4896 = LINE('',#4897,#4898);
#4897 = CARTESIAN_POINT('',(899.,-145.5592105263,-11.6447368421));
#4898 = VECTOR('',#4899,1.);
#4899 = DIRECTION('',(-2.22044604925E-16,1.110223024625E-16,1.));
#4900 = ORIENTED_EDGE('',*,*,#4901,.T.);
#4901 = EDGE_CURVE('',#4894,#4871,#4902,.T.);
#4902 = LINE('',#4903,#4904);
#4903 = CARTESIAN_POINT('',(899.,-145.5592105263,-11.6447368421));
#4904 = VECTOR('',#4905,1.);
#4905 = DIRECTION('',(2.465190328816E-32,1.,-1.110223024625E-16));
#4906 = ORIENTED_EDGE('',*,*,#4870,.F.);
#4907 = PLANE('',#4908);
#4908 = AXIS2_PLACEMENT_3D('',#4909,#4910,#4911);
#4909 = CARTESIAN_POINT('',(899.,-145.5592105263,-11.6447368421));
#4910 = DIRECTION('',(1.,0.,2.22044604925E-16));
#4911 = DIRECTION('',(2.465190328816E-32,1.,-1.110223024625E-16));
#4912 = ADVANCED_FACE('',(#4913),#4931,.T.);
#4913 = FACE_BOUND('',#4914,.T.);
#4914 = EDGE_LOOP('',(#4915,#4916,#4924,#4930));
#4915 = ORIENTED_EDGE('',*,*,#4784,.F.);
#4916 = ORIENTED_EDGE('',*,*,#4917,.F.);
#4917 = EDGE_CURVE('',#4918,#4777,#4920,.T.);
#4918 = VERTEX_POINT('',#4919);
#4919 = CARTESIAN_POINT('',(901.,-145.5592105263,-11.6447368421));
#4920 = LINE('',#4921,#4922);
#4921 = CARTESIAN_POINT('',(901.,-145.5592105263,-11.6447368421));
#4922 = VECTOR('',#4923,1.);
#4923 = DIRECTION('',(-2.22044604925E-16,1.110223024625E-16,1.));
#4924 = ORIENTED_EDGE('',*,*,#4925,.T.);
#4925 = EDGE_CURVE('',#4918,#4809,#4926,.T.);
#4926 = LINE('',#4927,#4928);
#4927 = CARTESIAN_POINT('',(901.,-145.5592105263,-11.6447368421));
#4928 = VECTOR('',#4929,1.);
#4929 = DIRECTION('',(2.465190328816E-32,1.,-1.110223024625E-16));
#4930 = ORIENTED_EDGE('',*,*,#4808,.F.);
#4931 = PLANE('',#4932);
#4932 = AXIS2_PLACEMENT_3D('',#4933,#4934,#4935);
#4933 = CARTESIAN_POINT('',(901.,-145.5592105263,-11.6447368421));
#4934 = DIRECTION('',(1.,0.,2.22044604925E-16));
#4935 = DIRECTION('',(2.465190328816E-32,1.,-1.110223024625E-16));
#4936 = ADVANCED_FACE('',(#4937),#4948,.F.);
#4937 = FACE_BOUND('',#4938,.F.);
#4938 = EDGE_LOOP('',(#4939,#4945,#4946,#4947));
#4939 = ORIENTED_EDGE('',*,*,#4940,.F.);
#4940 = EDGE_CURVE('',#4894,#4918,#4941,.T.);
#4941 = LINE('',#4942,#4943);
#4942 = CARTESIAN_POINT('',(899.,-145.5592105263,-11.6447368421));
#4943 = VECTOR('',#4944,1.);
#4944 = DIRECTION('',(1.,0.,2.22044604925E-16));
#4945 = ORIENTED_EDGE('',*,*,#4893,.T.);
#4946 = ORIENTED_EDGE('',*,*,#4776,.T.);
#4947 = ORIENTED_EDGE('',*,*,#4917,.F.);
#4948 = PLANE('',#4949);
#4949 = AXIS2_PLACEMENT_3D('',#4950,#4951,#4952);
#4950 = CARTESIAN_POINT('',(899.,-145.5592105263,-11.6447368421));
#4951 = DIRECTION('',(2.465190328816E-32,1.,-1.110223024625E-16));
#4952 = DIRECTION('',(1.,0.,2.22044604925E-16));
#4953 = ADVANCED_FACE('',(#4954),#4972,.T.);
#4954 = FACE_BOUND('',#4955,.T.);
#4955 = EDGE_LOOP('',(#4956,#4957,#4958,#4966));
#4956 = ORIENTED_EDGE('',*,*,#4839,.F.);
#4957 = ORIENTED_EDGE('',*,*,#4799,.T.);
#4958 = ORIENTED_EDGE('',*,*,#4959,.T.);
#4959 = EDGE_CURVE('',#4800,#4960,#4962,.T.);
#4960 = VERTEX_POINT('',#4961);
#4961 = CARTESIAN_POINT('',(901.,145.55921052631,-11.6447368421));
#4962 = LINE('',#4963,#4964);
#4963 = CARTESIAN_POINT('',(901.,-145.5592105263,-11.6447368421));
#4964 = VECTOR('',#4965,1.);
#4965 = DIRECTION('',(2.465190328816E-32,1.,-1.110223024625E-16));
#4966 = ORIENTED_EDGE('',*,*,#4967,.T.);
#4967 = EDGE_CURVE('',#4960,#4840,#4968,.T.);
#4968 = LINE('',#4969,#4970);
#4969 = CARTESIAN_POINT('',(901.,145.55921052631,-11.6447368421));
#4970 = VECTOR('',#4971,1.);
#4971 = DIRECTION('',(-2.22044604925E-16,1.110223024625E-16,1.));
#4972 = PLANE('',#4973);
#4973 = AXIS2_PLACEMENT_3D('',#4974,#4975,#4976);
#4974 = CARTESIAN_POINT('',(901.,-145.5592105263,-11.6447368421));
#4975 = DIRECTION('',(1.,0.,2.22044604925E-16));
#4976 = DIRECTION('',(2.465190328816E-32,1.,-1.110223024625E-16));
#4977 = ADVANCED_FACE('',(#4978),#5003,.T.);
#4978 = FACE_BOUND('',#4979,.T.);
#4979 = EDGE_LOOP('',(#4980,#4988,#4989,#4997));
#4980 = ORIENTED_EDGE('',*,*,#4981,.F.);
#4981 = EDGE_CURVE('',#4800,#4982,#4984,.T.);
#4982 = VERTEX_POINT('',#4983);
#4983 = CARTESIAN_POINT('',(901.,11.644736842105,-145.5592105263));
#4984 = LINE('',#4985,#4986);
#4985 = CARTESIAN_POINT('',(901.,11.644736842105,145.55921052631));
#4986 = VECTOR('',#4987,1.);
#4987 = DIRECTION('',(2.22044604925E-16,0.,-1.));
#4988 = ORIENTED_EDGE('',*,*,#4816,.F.);
#4989 = ORIENTED_EDGE('',*,*,#4990,.T.);
#4990 = EDGE_CURVE('',#4809,#4991,#4993,.T.);
#4991 = VERTEX_POINT('',#4992);
#4992 = CARTESIAN_POINT('',(901.,-11.6447368421,-145.5592105263));
#4993 = LINE('',#4994,#4995);
#4994 = CARTESIAN_POINT('',(901.,-11.6447368421,145.55921052631));
#4995 = VECTOR('',#4996,1.);
#4996 = DIRECTION('',(2.22044604925E-16,0.,-1.));
#4997 = ORIENTED_EDGE('',*,*,#4998,.T.);
#4998 = EDGE_CURVE('',#4991,#4982,#4999,.T.);
#4999 = LINE('',#5000,#5001);
#5000 = CARTESIAN_POINT('',(901.,-11.6447368421,-145.5592105263));
#5001 = VECTOR('',#5002,1.);
#5002 = DIRECTION('',(0.,1.,0.));
#5003 = PLANE('',#5004);
#5004 = AXIS2_PLACEMENT_3D('',#5005,#5006,#5007);
#5005 = CARTESIAN_POINT('',(901.,-11.6447368421,145.55921052631));
#5006 = DIRECTION('',(1.,0.,2.22044604925E-16));
#5007 = DIRECTION('',(2.22044604925E-16,0.,-1.));
#5008 = ADVANCED_FACE('',(#5009),#5027,.F.);
#5009 = FACE_BOUND('',#5010,.F.);
#5010 = EDGE_LOOP('',(#5011,#5012,#5013,#5021));
#5011 = ORIENTED_EDGE('',*,*,#4830,.F.);
#5012 = ORIENTED_EDGE('',*,*,#4861,.T.);
#5013 = ORIENTED_EDGE('',*,*,#5014,.T.);
#5014 = EDGE_CURVE('',#4862,#5015,#5017,.T.);
#5015 = VERTEX_POINT('',#5016);
#5016 = CARTESIAN_POINT('',(899.,145.55921052631,-11.6447368421));
#5017 = LINE('',#5018,#5019);
#5018 = CARTESIAN_POINT('',(899.,-145.5592105263,-11.6447368421));
#5019 = VECTOR('',#5020,1.);
#5020 = DIRECTION('',(2.465190328816E-32,1.,-1.110223024625E-16));
#5021 = ORIENTED_EDGE('',*,*,#5022,.T.);
#5022 = EDGE_CURVE('',#5015,#4831,#5023,.T.);
#5023 = LINE('',#5024,#5025);
#5024 = CARTESIAN_POINT('',(899.,145.55921052631,-11.6447368421));
#5025 = VECTOR('',#5026,1.);
#5026 = DIRECTION('',(-2.22044604925E-16,1.110223024625E-16,1.));
#5027 = PLANE('',#5028);
#5028 = AXIS2_PLACEMENT_3D('',#5029,#5030,#5031);
#5029 = CARTESIAN_POINT('',(899.,-145.5592105263,-11.6447368421));
#5030 = DIRECTION('',(1.,0.,2.22044604925E-16));
#5031 = DIRECTION('',(2.465190328816E-32,1.,-1.110223024625E-16));
#5032 = ADVANCED_FACE('',(#5033),#5044,.T.);
#5033 = FACE_BOUND('',#5034,.T.);
#5034 = EDGE_LOOP('',(#5035,#5041,#5042,#5043));
#5035 = ORIENTED_EDGE('',*,*,#5036,.F.);
#5036 = EDGE_CURVE('',#5015,#4960,#5037,.T.);
#5037 = LINE('',#5038,#5039);
#5038 = CARTESIAN_POINT('',(899.,145.55921052631,-11.6447368421));
#5039 = VECTOR('',#5040,1.);
#5040 = DIRECTION('',(1.,0.,2.22044604925E-16));
#5041 = ORIENTED_EDGE('',*,*,#5022,.T.);
#5042 = ORIENTED_EDGE('',*,*,#4847,.T.);
#5043 = ORIENTED_EDGE('',*,*,#4967,.F.);
#5044 = PLANE('',#5045);
#5045 = AXIS2_PLACEMENT_3D('',#5046,#5047,#5048);
#5046 = CARTESIAN_POINT('',(899.,145.55921052631,-11.6447368421));
#5047 = DIRECTION('',(2.465190328816E-32,1.,-1.110223024625E-16));
#5048 = DIRECTION('',(1.,0.,2.22044604925E-16));
#5049 = ADVANCED_FACE('',(#5050),#5075,.F.);
#5050 = FACE_BOUND('',#5051,.F.);
#5051 = EDGE_LOOP('',(#5052,#5060,#5061,#5069));
#5052 = ORIENTED_EDGE('',*,*,#5053,.F.);
#5053 = EDGE_CURVE('',#4862,#5054,#5056,.T.);
#5054 = VERTEX_POINT('',#5055);
#5055 = CARTESIAN_POINT('',(899.,11.644736842105,-145.5592105263));
#5056 = LINE('',#5057,#5058);
#5057 = CARTESIAN_POINT('',(899.,11.644736842105,145.55921052631));
#5058 = VECTOR('',#5059,1.);
#5059 = DIRECTION('',(2.22044604925E-16,0.,-1.));
#5060 = ORIENTED_EDGE('',*,*,#4878,.F.);
#5061 = ORIENTED_EDGE('',*,*,#5062,.T.);
#5062 = EDGE_CURVE('',#4871,#5063,#5065,.T.);
#5063 = VERTEX_POINT('',#5064);
#5064 = CARTESIAN_POINT('',(899.,-11.6447368421,-145.5592105263));
#5065 = LINE('',#5066,#5067);
#5066 = CARTESIAN_POINT('',(899.,-11.6447368421,145.55921052631));
#5067 = VECTOR('',#5068,1.);
#5068 = DIRECTION('',(2.22044604925E-16,0.,-1.));
#5069 = ORIENTED_EDGE('',*,*,#5070,.T.);
#5070 = EDGE_CURVE('',#5063,#5054,#5071,.T.);
#5071 = LINE('',#5072,#5073);
#5072 = CARTESIAN_POINT('',(899.,-11.6447368421,-145.5592105263));
#5073 = VECTOR('',#5074,1.);
#5074 = DIRECTION('',(0.,1.,0.));
#5075 = PLANE('',#5076);
#5076 = AXIS2_PLACEMENT_3D('',#5077,#5078,#5079);
#5077 = CARTESIAN_POINT('',(899.,-11.6447368421,145.55921052631));
#5078 = DIRECTION('',(1.,0.,2.22044604925E-16));
#5079 = DIRECTION('',(2.22044604925E-16,0.,-1.));
#5080 = ADVANCED_FACE('',(#5081),#5092,.F.);
#5081 = FACE_BOUND('',#5082,.F.);
#5082 = EDGE_LOOP('',(#5083,#5084,#5085,#5086));
#5083 = ORIENTED_EDGE('',*,*,#4901,.F.);
#5084 = ORIENTED_EDGE('',*,*,#4940,.T.);
#5085 = ORIENTED_EDGE('',*,*,#4925,.T.);
#5086 = ORIENTED_EDGE('',*,*,#5087,.F.);
#5087 = EDGE_CURVE('',#4871,#4809,#5088,.T.);
#5088 = LINE('',#5089,#5090);
#5089 = CARTESIAN_POINT('',(899.,-11.6447368421,-11.6447368421));
#5090 = VECTOR('',#5091,1.);
#5091 = DIRECTION('',(1.,0.,2.22044604925E-16));
#5092 = PLANE('',#5093);
#5093 = AXIS2_PLACEMENT_3D('',#5094,#5095,#5096);
#5094 = CARTESIAN_POINT('',(899.,-145.5592105263,-11.6447368421));
#5095 = DIRECTION('',(-2.22044604925E-16,1.110223024625E-16,1.));
#5096 = DIRECTION('',(1.,0.,2.22044604925E-16));
#5097 = ADVANCED_FACE('',(#5098),#5109,.F.);
#5098 = FACE_BOUND('',#5099,.F.);
#5099 = EDGE_LOOP('',(#5100,#5101,#5107,#5108));
#5100 = ORIENTED_EDGE('',*,*,#5014,.F.);
#5101 = ORIENTED_EDGE('',*,*,#5102,.T.);
#5102 = EDGE_CURVE('',#4862,#4800,#5103,.T.);
#5103 = LINE('',#5104,#5105);
#5104 = CARTESIAN_POINT('',(899.,11.644736842105,-11.6447368421));
#5105 = VECTOR('',#5106,1.);
#5106 = DIRECTION('',(1.,0.,2.22044604925E-16));
#5107 = ORIENTED_EDGE('',*,*,#4959,.T.);
#5108 = ORIENTED_EDGE('',*,*,#5036,.F.);
#5109 = PLANE('',#5110);
#5110 = AXIS2_PLACEMENT_3D('',#5111,#5112,#5113);
#5111 = CARTESIAN_POINT('',(899.,-145.5592105263,-11.6447368421));
#5112 = DIRECTION('',(-2.22044604925E-16,1.110223024625E-16,1.));
#5113 = DIRECTION('',(1.,0.,2.22044604925E-16));
#5114 = ADVANCED_FACE('',(#5115),#5126,.T.);
#5115 = FACE_BOUND('',#5116,.T.);
#5116 = EDGE_LOOP('',(#5117,#5118,#5119,#5120));
#5117 = ORIENTED_EDGE('',*,*,#5053,.F.);
#5118 = ORIENTED_EDGE('',*,*,#5102,.T.);
#5119 = ORIENTED_EDGE('',*,*,#4981,.T.);
#5120 = ORIENTED_EDGE('',*,*,#5121,.F.);
#5121 = EDGE_CURVE('',#5054,#4982,#5122,.T.);
#5122 = LINE('',#5123,#5124);
#5123 = CARTESIAN_POINT('',(899.,11.644736842105,-145.5592105263));
#5124 = VECTOR('',#5125,1.);
#5125 = DIRECTION('',(1.,0.,2.22044604925E-16));
#5126 = PLANE('',#5127);
#5127 = AXIS2_PLACEMENT_3D('',#5128,#5129,#5130);
#5128 = CARTESIAN_POINT('',(899.,11.644736842105,145.55921052631));
#5129 = DIRECTION('',(0.,1.,0.));
#5130 = DIRECTION('',(1.,0.,2.22044604925E-16));
#5131 = ADVANCED_FACE('',(#5132),#5143,.T.);
#5132 = FACE_BOUND('',#5133,.T.);
#5133 = EDGE_LOOP('',(#5134,#5140,#5141,#5142));
#5134 = ORIENTED_EDGE('',*,*,#5135,.F.);
#5135 = EDGE_CURVE('',#5063,#4991,#5136,.T.);
#5136 = LINE('',#5137,#5138);
#5137 = CARTESIAN_POINT('',(899.,-11.6447368421,-145.5592105263));
#5138 = VECTOR('',#5139,1.);
#5139 = DIRECTION('',(1.,0.,2.22044604925E-16));
#5140 = ORIENTED_EDGE('',*,*,#5070,.T.);
#5141 = ORIENTED_EDGE('',*,*,#5121,.T.);
#5142 = ORIENTED_EDGE('',*,*,#4998,.F.);
#5143 = PLANE('',#5144);
#5144 = AXIS2_PLACEMENT_3D('',#5145,#5146,#5147);
#5145 = CARTESIAN_POINT('',(899.,-11.6447368421,-145.5592105263));
#5146 = DIRECTION('',(2.22044604925E-16,0.,-1.));
#5147 = DIRECTION('',(1.,0.,2.22044604925E-16));
#5148 = ADVANCED_FACE('',(#5149),#5155,.F.);
#5149 = FACE_BOUND('',#5150,.F.);
#5150 = EDGE_LOOP('',(#5151,#5152,#5153,#5154));
#5151 = ORIENTED_EDGE('',*,*,#5062,.F.);
#5152 = ORIENTED_EDGE('',*,*,#5087,.T.);
#5153 = ORIENTED_EDGE('',*,*,#4990,.T.);
#5154 = ORIENTED_EDGE('',*,*,#5135,.F.);
#5155 = PLANE('',#5156);
#5156 = AXIS2_PLACEMENT_3D('',#5157,#5158,#5159);
#5157 = CARTESIAN_POINT('',(899.,-11.6447368421,145.55921052631));
#5158 = DIRECTION('',(0.,1.,0.));
#5159 = DIRECTION('',(1.,0.,2.22044604925E-16));
#5160 = ( GEOMETRIC_REPRESENTATION_CONTEXT(3) 
GLOBAL_UNCERTAINTY_ASSIGNED_CONTEXT((#5164)) 
GLOBAL_UNIT_ASSIGNED_CONTEXT((#5161,#5162,#5163)) REPRESENTATION_CONTEXT
('Context #1','3D Context with UNIT and UNCERTAINTY') );
#5161 = ( LENGTH_UNIT() NAMED_UNIT(*) SI_UNIT(.MILLI.,.METRE.) );
#5162 = ( NAMED_UNIT(*) PLANE_ANGLE_UNIT() SI_UNIT($,.RADIAN.) );
#5163 = ( NAMED_UNIT(*) SI_UNIT($,.STERADIAN.) SOLID_ANGLE_UNIT() );
#5164 = UNCERTAINTY_MEASURE_WITH_UNIT(LENGTH_MEASURE(1.E-07),#5161,
  'distance_accuracy_value','confusion accuracy');
#5165 = PRODUCT_RELATED_PRODUCT_CATEGORY('part',$,(#7));
ENDSEC;
END-ISO-10303-21;
